PassengerId,AgeBin,Deck,Embarked_C,Embarked_Q,Embarked_S,FamilySize,Fare_Transformed,IsAlone_0.0,IsAlone_1.0,Pclass_1.0,Pclass_2.0,Pclass_3.0,Sex_female,Sex_male,TicketGroupSize,Title_Miss,Title_Mr,Title_Mrs,Title_Rare,Survived
1,1.0,1.0,0,0,1,0.059159876663617626,-1.0174933711291165,1,0,0,0,1,0,1,-0.579161792940097,0,1,0,0,0
2,2.0,2.0,1,0,0,0.059159876663617626,1.4089397794410117,1,0,1,0,0,1,0,-0.579161792940097,0,0,1,0,1
3,1.0,1.0,0,0,1,-0.5609748304808925,-0.9295722245027681,0,1,0,0,1,1,0,-0.579161792940097,1,0,0,0,1
4,2.0,2.0,0,0,1,0.059159876663617626,1.0849961794747718,1,0,1,0,0,1,0,0.15592817502233383,0,0,1,0,1
5,2.0,1.0,0,0,1,-0.5609748304808925,-0.9140229303798847,0,1,0,0,1,0,1,-0.579161792940097,0,1,0,0,0
6,3.0,1.0,0,1,0,-0.5609748304808925,-0.8646889815090774,0,1,0,0,1,0,1,-0.579161792940097,0,1,0,0,0
7,4.0,3.0,0,0,1,-0.5609748304808925,1.059126228566647,0,1,1,0,0,0,1,-0.579161792940097,0,1,0,0,0
8,5.0,1.0,0,0,1,1.9195639980971482,0.0828552156299652,1,0,0,0,1,0,1,1.6261081109471953,0,0,0,1,0
9,1.0,1.0,0,0,1,0.6792945838081278,-0.5862446200937248,1,0,0,0,1,1,0,0.8910181429847647,0,0,1,0,1
10,5.0,1.0,1,0,0,0.059159876663617626,0.4650048953298755,1,0,0,1,0,1,0,0.15592817502233383,0,0,1,0,1
11,5.0,4.0,0,0,1,0.6792945838081278,-0.1640846105145817,1,0,0,0,1,1,0,0.15592817502233383,1,0,0,0,1
12,4.0,2.0,0,0,1,-0.5609748304808925,0.3305504384084753,0,1,1,0,0,1,0,-0.579161792940097,1,0,0,0,1
13,5.0,1.0,0,0,1,-0.5609748304808925,-0.9140229303798847,0,1,0,0,1,0,1,-0.579161792940097,0,1,0,0,0
14,4.0,1.0,0,0,1,3.1598334123861687,0.507515343569926,1,0,0,0,1,0,1,3.831378014834488,0,1,0,0,0
15,5.0,1.0,0,0,1,-0.5609748304808925,-0.9384762398859902,0,1,0,0,1,1,0,-0.579161792940097,1,0,0,0,0
16,4.0,1.0,0,0,1,-0.5609748304808925,-0.20919639957015787,0,1,0,1,0,1,0,-0.579161792940097,0,0,1,0,1
17,5.0,1.0,0,1,0,2.5396987052416584,0.43044480731640855,1,0,0,0,1,0,1,2.361198078909626,0,0,0,1,0
18,3.0,1.0,0,0,1,-0.5609748304808925,-0.426258207714988,0,1,0,1,0,0,1,-0.579161792940097,0,1,0,0,1
19,2.0,1.0,0,0,1,0.059159876663617626,-0.08484878387255554,1,0,0,0,1,1,0,-0.579161792940097,0,0,1,0,0
20,3.0,1.0,1,0,0,-0.5609748304808925,-1.0208863213063866,0,1,0,0,1,1,0,-0.579161792940097,0,0,1,0,1
21,2.0,1.0,0,0,1,-0.5609748304808925,0.3080056992343768,0,1,0,1,0,0,1,0.15592817502233383,0,1,0,0,0
22,2.0,5.0,0,0,1,-0.5609748304808925,-0.426258207714988,0,1,0,1,0,0,1,-0.579161792940097,0,1,0,0,1
23,5.0,1.0,0,1,0,-0.5609748304808925,-0.9165953800177263,0,1,0,0,1,1,0,-0.579161792940097,1,0,0,0,1
24,1.0,6.0,0,0,1,-0.5609748304808925,0.6450480228936538,0,1,1,0,0,0,1,-0.579161792940097,0,1,0,0,1
25,5.0,1.0,0,0,1,1.9195639980971482,0.0828552156299652,1,0,0,0,1,1,0,1.6261081109471953,1,0,0,0,0
26,2.0,1.0,0,0,1,3.1598334123861687,0.5114054638791508,1,0,0,0,1,1,0,1.6261081109471953,0,0,1,0,1
27,3.0,1.0,1,0,0,-0.5609748304808925,-1.0208863213063866,0,1,0,0,1,0,1,-0.579161792940097,0,1,0,0,0
28,5.0,2.0,0,0,1,2.5396987052416584,2.85711697138453,1,0,1,0,0,0,1,1.6261081109471953,0,1,0,0,0
29,3.0,1.0,0,1,0,-0.5609748304808925,-0.9353240610428315,0,1,0,0,1,1,0,-0.579161792940097,1,0,0,0,1
30,3.0,1.0,0,0,1,-0.5609748304808925,-0.9332359135620591,0,1,0,0,1,0,1,-0.579161792940097,0,1,0,0,0
31,4.0,1.0,1,0,0,-0.5609748304808925,0.37707956174913465,0,1,1,0,0,0,1,-0.579161792940097,0,0,0,1,0
32,3.0,7.0,1,0,0,0.059159876663617626,2.2064772568184017,1,0,1,0,0,1,0,0.15592817502233383,0,0,1,0,1
33,3.0,1.0,0,1,0,-0.5609748304808925,-0.9517110910184592,0,1,0,0,1,1,0,-0.579161792940097,1,0,0,0,1
34,4.0,1.0,0,0,1,-0.5609748304808925,-0.6461756399546907,0,1,0,1,0,0,1,-0.579161792940097,0,1,0,0,0
35,1.0,1.0,1,0,0,0.059159876663617626,1.5657954260956548,1,0,1,0,0,0,1,0.15592817502233383,0,1,0,0,0
36,4.0,1.0,0,0,1,0.059159876663617626,1.0620304074292939,1,0,1,0,0,0,1,0.15592817502233383,0,1,0,0,0
37,3.0,1.0,1,0,0,-0.5609748304808925,-1.020315585537008,0,1,0,0,1,0,1,-0.579161792940097,0,1,0,0,1
38,1.0,1.0,0,0,1,-0.5609748304808925,-0.9140229303798847,0,1,0,0,1,0,1,-0.579161792940097,0,1,0,0,0
39,5.0,1.0,0,0,1,0.6792945838081278,-0.08484878387255554,1,0,0,0,1,1,0,0.15592817502233383,1,0,0,0,0
40,5.0,1.0,1,0,0,0.059159876663617626,-0.5763008726668823,1,0,0,0,1,1,0,0.15592817502233383,1,0,0,0,1
41,4.0,1.0,0,0,1,0.059159876663617626,-0.7505449472236345,1,0,0,0,1,1,0,-0.579161792940097,0,0,1,0,0
42,1.0,1.0,0,0,1,0.059159876663617626,0.0790504148209749,1,0,0,1,0,1,0,0.15592817502233383,0,0,1,0,0
43,3.0,1.0,1,0,0,-0.5609748304808925,-0.9332359135620591,0,1,0,0,1,0,1,-0.579161792940097,0,1,0,0,0
44,5.0,1.0,1,0,0,1.299429290952638,0.8172762968962309,1,0,0,1,0,1,0,0.8910181429847647,1,0,0,0,1
45,5.0,1.0,0,1,0,-0.5609748304808925,-0.9353240610428315,0,1,0,0,1,1,0,-0.579161792940097,1,0,0,0,1
46,3.0,1.0,0,0,1,-0.5609748304808925,-0.9140229303798847,0,1,0,0,1,0,1,-0.579161792940097,0,1,0,0,0
47,3.0,1.0,0,1,0,0.059159876663617626,-0.24257130262638713,1,0,0,0,1,0,1,-0.579161792940097,0,1,0,0,0
48,3.0,1.0,0,1,0,-0.5609748304808925,-0.9517110910184592,0,1,0,0,1,1,0,-0.579161792940097,1,0,0,0,1
49,3.0,1.0,1,0,0,0.6792945838081278,0.11304332212223386,1,0,0,0,1,0,1,-0.579161792940097,0,1,0,0,0
50,5.0,1.0,0,0,1,0.059159876663617626,-0.0966793305176662,1,0,0,0,1,1,0,0.15592817502233383,0,0,1,0,0
51,5.0,1.0,0,0,1,2.5396987052416584,0.7664699219430497,1,0,0,0,1,0,1,3.096288046872057,0,0,0,1,0
52,1.0,1.0,0,0,1,-0.5609748304808925,-0.9453408388810122,0,1,0,0,1,0,1,-0.579161792940097,0,1,0,0,0
53,4.0,5.0,1,0,0,0.059159876663617626,1.4901471919266205,1,0,1,0,0,1,0,0.8910181429847647,0,0,1,0,1
54,3.0,1.0,0,0,1,0.059159876663617626,0.3080056992343768,1,0,0,1,0,1,0,-0.579161792940097,0,0,1,0,1
55,4.0,7.0,1,0,0,0.059159876663617626,1.2548953923417874,1,0,1,0,0,0,1,-0.579161792940097,0,1,0,0,0
56,3.0,2.0,0,0,1,-0.5609748304808925,0.6450480228936538,0,1,1,0,0,0,1,-0.579161792940097,0,1,0,0,1
57,1.0,1.0,0,0,1,-0.5609748304808925,-0.6461756399546907,0,1,0,1,0,1,0,-0.579161792940097,1,0,0,0,1
58,1.0,1.0,1,0,0,-0.5609748304808925,-1.020315585537008,0,1,0,0,1,0,1,-0.579161792940097,0,1,0,0,0
59,5.0,1.0,0,0,1,1.299429290952638,0.37821561374729634,1,0,0,1,0,1,0,0.8910181429847647,1,0,0,0,1
60,5.0,1.0,0,0,1,3.779968119530679,0.9489175874544203,1,0,0,0,1,0,1,3.096288046872057,0,0,0,1,0
61,1.0,1.0,1,0,0,-0.5609748304808925,-1.020315585537008,0,1,0,0,1,0,1,-0.579161792940097,0,1,0,0,0
62,2.0,7.0,0,0,1,-0.5609748304808925,1.5362281187924742,0,1,1,0,0,1,0,0.15592817502233383,1,0,0,0,1
63,4.0,2.0,0,0,1,0.059159876663617626,1.5831903624246528,1,0,1,0,0,0,1,0.15592817502233383,0,1,0,0,0
64,5.0,1.0,0,0,1,2.5396987052416584,0.3840333695921524,1,0,0,0,1,0,1,3.096288046872057,0,0,0,1,0
65,3.0,1.0,1,0,0,-0.5609748304808925,0.37707956174913465,0,1,1,0,0,0,1,-0.579161792940097,0,1,0,0,0
66,3.0,1.0,1,0,0,0.6792945838081278,-0.2599289646924245,1,0,0,0,1,0,1,0.15592817502233383,0,0,0,1,1
67,3.0,8.0,0,0,1,-0.5609748304808925,-0.6461756399546907,0,1,0,1,0,1,0,-0.579161792940097,0,0,1,0,1
68,5.0,1.0,0,0,1,-0.5609748304808925,-0.9007236928893392,0,1,0,0,1,0,1,-0.579161792940097,0,1,0,0,0
69,5.0,1.0,0,0,1,3.1598334123861687,-0.9295722245027681,1,0,0,0,1,1,0,-0.579161792940097,1,0,0,0,1
70,1.0,1.0,0,0,1,0.6792945838081278,-0.8408092876954759,1,0,0,0,1,0,1,-0.579161792940097,0,1,0,0,0
71,2.0,1.0,0,0,1,-0.5609748304808925,-0.6461756399546907,0,1,0,1,0,0,1,-0.579161792940097,0,1,0,0,0
72,5.0,1.0,0,0,1,3.779968119530679,0.9489175874544203,1,0,0,0,1,1,0,3.096288046872057,1,0,0,0,0
73,1.0,1.0,0,0,1,-0.5609748304808925,1.4427093748036828,0,1,0,1,0,0,1,2.361198078909626,0,1,0,0,0
74,1.0,1.0,1,0,0,0.059159876663617626,-0.3157759049569776,1,0,0,0,1,0,1,-0.579161792940097,0,1,0,0,0
75,2.0,1.0,0,0,1,-0.5609748304808925,1.1530560183953749,0,1,0,0,1,0,1,3.831378014834488,0,1,0,0,1
76,1.0,8.0,0,0,1,-0.5609748304808925,-0.964561533941058,0,1,0,0,1,0,1,-0.579161792940097,0,1,0,0,0
77,3.0,1.0,0,0,1,-0.5609748304808925,-0.9332359135620591,0,1,0,0,1,0,1,-0.579161792940097,0,1,0,0,0
78,3.0,1.0,0,0,1,-0.5609748304808925,-0.9140229303798847,0,1,0,0,1,0,1,-0.579161792940097,0,1,0,0,0
79,5.0,1.0,0,0,1,0.6792945838081278,0.42579625082562866,1,0,0,1,0,0,1,0.15592817502233383,0,0,0,1,1
80,3.0,1.0,0,0,1,-0.5609748304808925,-0.46898861495026495,0,1,0,0,1,1,0,0.15592817502233383,1,0,0,0,1
81,1.0,1.0,0,0,1,-0.5609748304808925,-0.8024261687324682,0,1,0,0,1,0,1,-0.579161792940097,0,1,0,0,0
82,3.0,1.0,0,0,1,-0.5609748304808925,-0.7478799251623495,0,1,0,0,1,0,1,-0.579161792940097,0,1,0,0,1
83,3.0,1.0,0,1,0,-0.5609748304808925,-0.946930002226498,0,1,0,0,1,1,0,-0.579161792940097,1,0,0,0,1
84,1.0,1.0,0,0,1,-0.5609748304808925,0.953575828465883,0,1,1,0,0,0,1,-0.579161792940097,0,1,0,0,0
85,5.0,1.0,0,0,1,-0.5609748304808925,-0.6461756399546907,0,1,0,1,0,1,0,-0.579161792940097,1,0,0,0,1
86,2.0,1.0,0,0,1,1.299429290952638,-0.2191046732167365,1,0,0,0,1,1,0,0.15592817502233383,0,0,1,0,1
87,5.0,1.0,0,0,1,1.9195639980971482,0.6100476478349847,1,0,0,0,1,0,1,1.6261081109471953,0,1,0,0,0
88,3.0,1.0,0,0,1,-0.5609748304808925,-0.9140229303798847,0,1,0,0,1,0,1,-0.579161792940097,0,1,0,0,0
89,1.0,2.0,0,0,1,2.5396987052416584,2.85711697138453,1,0,1,0,0,1,0,1.6261081109471953,1,0,0,0,1
90,1.0,1.0,0,0,1,-0.5609748304808925,-0.9140229303798847,0,1,0,0,1,0,1,-0.579161792940097,0,1,0,0,0
91,3.0,1.0,0,0,1,-0.5609748304808925,-0.9140229303798847,0,1,0,0,1,0,1,-0.579161792940097,0,1,0,0,0
92,5.0,1.0,0,0,1,-0.5609748304808925,-0.9384762398859902,0,1,0,0,1,0,1,-0.579161792940097,0,1,0,0,0
93,4.0,3.0,0,0,1,0.059159876663617626,1.2405276946573478,1,0,1,0,0,0,1,-0.579161792940097,0,1,0,0,0
94,1.0,1.0,0,0,1,1.299429290952638,0.057241810676402514,1,0,0,0,1,0,1,0.15592817502233383,0,1,0,0,0
95,4.0,1.0,0,0,1,-0.5609748304808925,-1.0174933711291165,0,1,0,0,1,0,1,-0.579161792940097,0,1,0,0,0
96,3.0,1.0,0,0,1,-0.5609748304808925,-0.9140229303798847,0,1,0,0,1,0,1,-0.579161792940097,0,1,0,0,0
97,4.0,6.0,1,0,0,-0.5609748304808925,0.6188367252775296,0,1,1,0,0,0,1,-0.579161792940097,0,1,0,0,0
98,1.0,5.0,1,0,0,0.059159876663617626,1.279112316630763,1,0,1,0,0,0,1,-0.579161792940097,0,1,0,0,1
99,2.0,1.0,0,0,1,0.059159876663617626,0.17632706562637096,1,0,0,1,0,1,0,0.15592817502233383,0,0,1,0,1
100,2.0,1.0,0,0,1,0.059159876663617626,0.3080056992343768,1,0,0,1,0,0,1,0.15592817502233383,0,1,0,0,0
101,1.0,1.0,0,0,1,-0.5609748304808925,-0.9332359135620591,0,1,0,0,1,1,0,-0.579161792940097,1,0,0,0,0
102,3.0,1.0,0,0,1,-0.5609748304808925,-0.9332359135620591,0,1,0,0,1,0,1,-0.579161792940097,0,1,0,0,0
103,1.0,5.0,0,0,1,0.059159876663617626,1.4981484993615257,1,0,1,0,0,0,1,0.15592817502233383,0,1,0,0,0
104,2.0,1.0,0,0,1,-0.5609748304808925,-0.8417700318433978,0,1,0,0,1,0,1,-0.579161792940097,0,1,0,0,0
105,2.0,1.0,0,0,1,0.6792945838081278,-0.9295722245027681,1,0,0,0,1,0,1,-0.579161792940097,0,1,0,0,0
106,1.0,1.0,0,0,1,-0.5609748304808925,-0.9332359135620591,0,1,0,0,1,0,1,-0.579161792940097,0,1,0,0,0
107,1.0,1.0,0,0,1,-0.5609748304808925,-0.964561533941058,0,1,0,0,1,1,0,-0.579161792940097,1,0,0,0,1
108,3.0,1.0,0,0,1,-0.5609748304808925,-0.9485214277269757,0,1,0,0,1,0,1,-0.579161792940097,0,1,0,0,1
109,2.0,1.0,0,0,1,-0.5609748304808925,-0.9332359135620591,0,1,0,0,1,0,1,-0.579161792940097,0,1,0,0,0
110,3.0,1.0,0,1,0,0.059159876663617626,0.22865289888308268,1,0,0,0,1,1,0,0.8910181429847647,1,0,0,0,1
111,4.0,2.0,0,0,1,-0.5609748304808925,1.0620304074292939,0,1,1,0,0,0,1,0.15592817502233383,0,1,0,0,0
112,5.0,1.0,1,0,0,0.059159876663617626,-0.3157759049569776,1,0,0,0,1,1,0,0.15592817502233383,1,0,0,0,0
113,1.0,1.0,0,0,1,-0.5609748304808925,-0.9140229303798847,0,1,0,0,1,0,1,-0.579161792940097,0,1,0,0,0
114,5.0,1.0,0,0,1,0.059159876663617626,-0.7138006371881612,1,0,0,0,1,1,0,-0.579161792940097,1,0,0,0,0
115,5.0,1.0,1,0,0,-0.5609748304808925,-0.31547934514779824,0,1,0,0,1,1,0,0.15592817502233383,1,0,0,0,0
116,1.0,1.0,0,0,1,-0.5609748304808925,-0.9295722245027681,0,1,0,0,1,0,1,-0.579161792940097,0,1,0,0,0
117,4.0,1.0,0,1,0,-0.5609748304808925,-0.9517110910184592,0,1,0,0,1,0,1,-0.579161792940097,0,1,0,0,0
118,3.0,1.0,0,0,1,0.059159876663617626,0.0790504148209749,1,0,0,1,0,0,1,0.15592817502233383,0,1,0,0,0
119,1.0,7.0,1,0,0,0.059159876663617626,2.7895659870631895,1,0,1,0,0,0,1,0.15592817502233383,0,1,0,0,0
120,5.0,1.0,0,0,1,3.1598334123861687,0.507515343569926,1,0,0,0,1,1,0,3.831378014834488,1,0,0,0,0
121,1.0,1.0,0,0,1,0.6792945838081278,1.4427093748036828,1,0,0,1,0,0,1,2.361198078909626,0,1,0,0,0
122,3.0,1.0,0,0,1,-0.5609748304808925,-0.9140229303798847,0,1,0,0,1,0,1,-0.579161792940097,0,1,0,0,0
123,2.0,1.0,1,0,0,0.059159876663617626,0.4650048953298755,1,0,0,1,0,0,1,0.15592817502233383,0,1,0,0,0
124,2.0,3.0,0,0,1,-0.5609748304808925,-0.426258207714988,0,1,0,1,0,1,0,-0.579161792940097,1,0,0,0,1
125,4.0,5.0,0,0,1,0.059159876663617626,1.4981484993615257,1,0,1,0,0,0,1,0.15592817502233383,0,1,0,0,0
126,5.0,1.0,1,0,0,0.059159876663617626,-0.5763008726668823,1,0,0,0,1,0,1,0.15592817502233383,0,0,0,1,1
127,3.0,1.0,0,1,0,-0.5609748304808925,-0.9517110910184592,0,1,0,0,1,0,1,-0.579161792940097,0,1,0,0,0
128,1.0,1.0,0,0,1,-0.5609748304808925,-1.0322665291315791,0,1,0,0,1,0,1,-0.579161792940097,0,1,0,0,1
129,3.0,8.0,1,0,0,0.6792945838081278,0.1460282899633742,1,0,0,0,1,1,0,0.15592817502233383,1,0,0,0,1
130,4.0,1.0,0,0,1,-0.5609748304808925,-1.0553944999034537,0,1,0,0,1,0,1,-0.579161792940097,0,1,0,0,0
131,2.0,1.0,1,0,0,-0.5609748304808925,-0.9332359135620591,0,1,0,0,1,0,1,-0.579161792940097,0,1,0,0,0
132,5.0,1.0,0,0,1,-0.5609748304808925,-1.0449297474399395,0,1,0,0,1,0,1,-0.579161792940097,0,1,0,0,0
133,4.0,1.0,0,0,1,0.059159876663617626,-0.3124675753290565,1,0,0,0,1,1,0,-0.579161792940097,0,0,1,0,0
134,3.0,1.0,0,0,1,0.059159876663617626,0.3080056992343768,1,0,0,1,0,1,0,-0.579161792940097,0,0,1,0,1
135,1.0,1.0,0,0,1,-0.5609748304808925,-0.426258207714988,0,1,0,1,0,0,1,-0.579161792940097,0,1,0,0,0
136,1.0,1.0,1,0,0,-0.5609748304808925,-0.27377765005824345,0,1,0,1,0,0,1,-0.579161792940097,0,1,0,0,0
137,5.0,5.0,0,0,1,0.6792945838081278,0.31967505390551904,1,0,1,0,0,1,0,-0.579161792940097,1,0,0,0,1
138,2.0,2.0,0,0,1,0.059159876663617626,1.0849961794747718,1,0,1,0,0,0,1,0.15592817502233383,0,1,0,0,0
139,5.0,1.0,0,0,1,-0.5609748304808925,-0.7784583869536468,0,1,0,0,1,0,1,0.15592817502233383,0,1,0,0,0
140,1.0,7.0,1,0,0,-0.5609748304808925,1.525131489475173,0,1,1,0,0,0,1,0.15592817502233383,0,1,0,0,0
141,3.0,1.0,1,0,0,0.6792945838081278,-0.2599289646924245,1,0,0,0,1,1,0,0.15592817502233383,0,0,1,0,0
142,1.0,1.0,0,0,1,-0.5609748304808925,-0.9517110910184592,0,1,0,0,1,1,0,-0.579161792940097,1,0,0,0,1
143,1.0,1.0,0,0,1,0.059159876663617626,-0.2191046732167365,1,0,0,0,1,1,0,0.15592817502233383,0,0,1,0,1
144,5.0,1.0,0,1,0,-0.5609748304808925,-1.087389643831786,0,1,0,0,1,0,1,-0.579161792940097,0,1,0,0,0
145,5.0,1.0,0,0,1,-0.5609748304808925,-0.5529569835332104,0,1,0,1,0,0,1,-0.579161792940097,0,1,0,0,0
146,5.0,1.0,0,0,1,0.6792945838081278,0.6826938768123764,1,0,0,1,0,0,1,0.15592817502233383,0,1,0,0,0
147,1.0,1.0,0,0,1,-0.5609748304808925,-0.9458745458151049,0,1,0,0,1,0,1,-0.579161792940097,0,1,0,0,1
148,5.0,1.0,0,0,1,1.9195639980971482,0.6100476478349847,1,0,0,0,1,1,0,1.6261081109471953,1,0,0,0,0
149,2.0,8.0,0,0,1,0.6792945838081278,0.3080056992343768,1,0,0,1,0,0,1,0.8910181429847647,0,1,0,0,0
150,4.0,1.0,0,0,1,-0.5609748304808925,-0.426258207714988,0,1,0,1,0,0,1,-0.579161792940097,0,0,0,1,0
151,4.0,1.0,0,0,1,-0.5609748304808925,-0.46484795753068653,0,1,0,1,0,0,1,-0.579161792940097,0,0,0,1,0
152,1.0,2.0,0,0,1,0.059159876663617626,1.3340519883612023,1,0,1,0,0,1,0,0.15592817502233383,0,0,1,0,1
153,4.0,1.0,0,0,1,-0.5609748304808925,-0.9140229303798847,0,1,0,0,1,0,1,-0.579161792940097,0,1,0,0,0
154,4.0,1.0,0,0,1,0.6792945838081278,-0.3124675753290565,1,0,0,0,1,0,1,-0.579161792940097,0,1,0,0,0
155,3.0,1.0,0,0,1,-0.5609748304808925,-1.0090557746612756,0,1,0,0,1,0,1,-0.579161792940097,0,1,0,0,0
156,4.0,1.0,1,0,0,0.059159876663617626,1.244193423307842,1,0,1,0,0,0,1,-0.579161792940097,0,1,0,0,0
157,5.0,1.0,0,1,0,-0.5609748304808925,-0.9538468672896242,0,1,0,0,1,1,0,-0.579161792940097,1,0,0,0,1
158,3.0,1.0,0,0,1,-0.5609748304808925,-0.9140229303798847,0,1,0,0,1,0,1,-0.579161792940097,0,1,0,0,0
159,3.0,1.0,0,0,1,-0.5609748304808925,-0.8408092876954759,0,1,0,0,1,0,1,-0.579161792940097,0,1,0,0,0
160,3.0,1.0,0,0,1,5.64037224096421,1.3818048841454893,1,0,0,0,1,0,1,3.831378014834488,0,0,0,1,0
161,4.0,1.0,0,0,1,0.059159876663617626,-0.20263933546380686,1,0,0,0,1,0,1,-0.579161792940097,0,1,0,0,0
162,4.0,1.0,0,0,1,-0.5609748304808925,-0.22575931325378903,0,1,0,1,0,1,0,-0.579161792940097,0,0,1,0,1
163,1.0,1.0,0,0,1,-0.5609748304808925,-0.9485214277269757,0,1,0,0,1,0,1,-0.579161792940097,0,1,0,0,0
164,5.0,1.0,0,0,1,-0.5609748304808925,-0.8408092876954759,0,1,0,0,1,0,1,-0.579161792940097,0,1,0,0,0
165,5.0,1.0,0,0,1,2.5396987052416584,0.7664699219430497,1,0,0,0,1,0,1,3.096288046872057,0,0,0,1,0
166,5.0,1.0,0,0,1,0.6792945838081278,0.054647897157064716,1,0,0,0,1,0,1,0.8910181429847647,0,0,0,1,1
167,3.0,3.0,0,0,1,0.059159876663617626,1.1235859292904713,1,0,1,0,0,1,0,0.15592817502233383,0,0,1,0,1
168,4.0,1.0,0,0,1,2.5396987052416584,0.3840333695921524,1,0,0,0,1,1,0,3.096288046872057,0,0,1,0,0
169,3.0,1.0,0,0,1,-0.5609748304808925,0.30489588853571353,0,1,1,0,0,0,1,-0.579161792940097,0,1,0,0,0
170,1.0,1.0,0,0,1,-0.5609748304808925,1.1530560183953749,0,1,0,0,1,0,1,3.831378014834488,0,1,0,0,0
171,4.0,7.0,0,0,1,-0.5609748304808925,0.5820467796034066,0,1,1,0,0,0,1,-0.579161792940097,0,1,0,0,0
172,5.0,1.0,0,1,0,2.5396987052416584,0.43044480731640855,1,0,0,0,1,0,1,2.361198078909626,0,0,0,1,0
173,5.0,1.0,0,0,1,0.6792945838081278,-0.5862446200937248,1,0,0,0,1,1,0,0.8910181429847647,1,0,0,0,1
174,1.0,1.0,0,0,1,-0.5609748304808925,-0.9295722245027681,0,1,0,0,1,0,1,-0.579161792940097,0,1,0,0,0
175,4.0,6.0,1,0,0,-0.5609748304808925,0.4872701840637902,0,1,1,0,0,0,1,-0.579161792940097,0,1,0,0,0
176,5.0,1.0,0,0,1,0.6792945838081278,-0.9384762398859902,1,0,0,0,1,0,1,-0.579161792940097,0,1,0,0,0
177,3.0,1.0,0,0,1,1.9195639980971482,0.2857026023710448,1,0,0,0,1,0,1,1.6261081109471953,0,0,0,1,0
178,4.0,2.0,1,0,0,-0.5609748304808925,0.4150306440102324,0,1,1,0,0,1,0,-0.579161792940097,1,0,0,0,0
179,3.0,1.0,0,0,1,-0.5609748304808925,-0.426258207714988,0,1,0,1,0,0,1,-0.579161792940097,0,1,0,0,0
180,2.0,1.0,0,0,1,-0.5609748304808925,-0.36504872412522704,0,1,0,0,1,0,1,1.6261081109471953,0,1,0,0,0
181,3.0,1.0,0,0,1,5.64037224096421,1.3818048841454893,1,0,0,0,1,1,0,3.831378014834488,1,0,0,0,0
182,3.0,1.0,1,0,0,-0.5609748304808925,-0.27348505724715433,0,1,0,1,0,0,1,-0.579161792940097,0,1,0,0,0
183,5.0,1.0,0,0,1,3.1598334123861687,0.5114054638791508,1,0,0,0,1,0,1,1.6261081109471953,0,0,0,1,0
184,5.0,8.0,0,0,1,1.299429290952638,0.7474179682729902,1,0,0,1,0,0,1,0.15592817502233383,0,0,0,1,1
185,5.0,1.0,0,0,1,0.6792945838081278,0.12996096014527553,1,0,0,0,1,1,0,-0.579161792940097,1,0,0,0,1
186,3.0,6.0,0,0,1,-0.5609748304808925,1.0190260199879388,0,1,1,0,0,0,1,-0.579161792940097,0,1,0,0,0
187,3.0,1.0,0,1,0,0.059159876663617626,-0.24257130262638713,1,0,0,0,1,1,0,0.15592817502233383,0,0,1,0,1
188,4.0,1.0,0,0,1,-0.5609748304808925,0.3305504384084753,0,1,1,0,0,0,1,-0.579161792940097,0,1,0,0,1
189,4.0,1.0,0,1,0,0.6792945838081278,-0.24257130262638713,1,0,0,0,1,0,1,0.15592817502233383,0,1,0,0,0
190,2.0,1.0,0,0,1,-0.5609748304808925,-0.9332359135620591,0,1,0,0,1,0,1,-0.579161792940097,0,1,0,0,0
191,2.0,1.0,0,0,1,-0.5609748304808925,-0.426258207714988,0,1,0,1,0,1,0,-0.579161792940097,0,0,1,0,1
192,5.0,1.0,0,0,1,-0.5609748304808925,-0.426258207714988,0,1,0,1,0,0,1,-0.579161792940097,0,1,0,0,0
193,5.0,1.0,0,0,1,0.059159876663617626,-0.9384762398859902,1,0,0,0,1,1,0,-0.579161792940097,1,0,0,0,1
194,5.0,8.0,0,0,1,0.6792945838081278,0.3080056992343768,1,0,0,1,0,0,1,0.8910181429847647,0,0,0,1,1
195,4.0,7.0,1,0,0,-0.5609748304808925,0.37707956174913465,0,1,1,0,0,1,0,-0.579161792940097,0,0,1,0,1
196,4.0,7.0,1,0,0,-0.5609748304808925,2.2064772568184017,0,1,1,0,0,1,0,0.15592817502233383,1,0,0,0,1
197,3.0,1.0,0,1,0,-0.5609748304808925,-0.9517110910184592,0,1,0,0,1,0,1,-0.579161792940097,0,1,0,0,0
198,4.0,1.0,0,0,1,0.059159876663617626,-0.8711019892901907,1,0,0,0,1,0,1,-0.579161792940097,0,1,0,0,0
199,3.0,1.0,0,1,0,-0.5609748304808925,-0.9517110910184592,0,1,0,0,1,1,0,-0.579161792940097,1,0,0,0,1
200,1.0,1.0,0,0,1,-0.5609748304808925,-0.426258207714988,0,1,0,1,0,1,0,-0.579161792940097,1,0,0,0,0
201,1.0,1.0,0,0,1,-0.5609748304808925,-0.7478799251623495,0,1,0,0,1,0,1,-0.579161792940097,0,1,0,0,0
202,3.0,1.0,0,0,1,5.64037224096421,1.3818048841454893,1,0,0,0,1,0,1,3.831378014834488,0,1,0,0,0
203,2.0,1.0,0,0,1,-0.5609748304808925,-1.124674128230145,0,1,0,0,1,0,1,-0.579161792940097,0,1,0,0,0
204,4.0,1.0,1,0,0,-0.5609748304808925,-1.0208863213063866,0,1,0,0,1,0,1,-0.579161792940097,0,1,0,0,0
205,5.0,1.0,0,0,1,-0.5609748304808925,-0.9140229303798847,0,1,0,0,1,0,1,-0.579161792940097,0,1,0,0,1
206,5.0,4.0,0,0,1,0.059159876663617626,-0.6498271714272744,1,0,0,0,1,1,0,0.15592817502233383,1,0,0,0,0
207,2.0,1.0,0,0,1,0.059159876663617626,-0.2191046732167365,1,0,0,0,1,0,1,0.15592817502233383,0,1,0,0,0
208,1.0,1.0,1,0,0,-0.5609748304808925,-0.03944615272383509,0,1,0,0,1,0,1,0.15592817502233383,0,1,0,0,1
209,5.0,1.0,0,1,0,-0.5609748304808925,-0.9517110910184592,0,1,0,0,1,1,0,-0.579161792940097,1,0,0,0,1
210,4.0,6.0,1,0,0,-0.5609748304808925,0.49794878307373247,0,1,1,0,0,0,1,-0.579161792940097,0,1,0,0,1
211,1.0,1.0,0,0,1,-0.5609748304808925,-1.0449297474399395,0,1,0,0,1,0,1,-0.579161792940097,0,1,0,0,0
212,2.0,1.0,0,0,1,-0.5609748304808925,0.0790504148209749,0,1,0,1,0,1,0,-0.579161792940097,1,0,0,0,1
213,1.0,1.0,0,0,1,-0.5609748304808925,-1.0174933711291165,0,1,0,0,1,0,1,-0.579161792940097,0,1,0,0,0
214,3.0,1.0,0,0,1,-0.5609748304808925,-0.426258207714988,0,1,0,1,0,0,1,-0.579161792940097,0,1,0,0,0
215,3.0,1.0,0,1,0,0.059159876663617626,-0.9517110910184592,1,0,0,0,1,0,1,-0.579161792940097,0,1,0,0,0
216,2.0,5.0,1,0,0,0.059159876663617626,1.9209893290765572,1,0,1,0,0,1,0,0.8910181429847647,1,0,0,0,1
217,1.0,1.0,0,0,1,-0.5609748304808925,-0.9295722245027681,0,1,0,0,1,1,0,-0.579161792940097,1,0,0,0,1
218,4.0,1.0,0,0,1,0.059159876663617626,0.3486638607877414,1,0,0,1,0,0,1,0.15592817502233383,0,1,0,0,0
219,2.0,5.0,1,0,0,-0.5609748304808925,1.4838368699358992,0,1,1,0,0,1,0,-0.579161792940097,1,0,0,0,1
220,3.0,1.0,0,0,1,-0.5609748304808925,-0.6461756399546907,0,1,0,1,0,0,1,-0.579161792940097,0,1,0,0,0
221,5.0,1.0,0,0,1,-0.5609748304808925,-0.9140229303798847,0,1,0,0,1,0,1,-0.579161792940097,0,1,0,0,1
222,1.0,1.0,0,0,1,-0.5609748304808925,-0.426258207714988,0,1,0,1,0,0,1,-0.579161792940097,0,1,0,0,0
223,4.0,1.0,0,0,1,-0.5609748304808925,-0.9140229303798847,0,1,0,0,1,0,1,-0.579161792940097,0,1,0,0,0
224,3.0,1.0,0,0,1,-0.5609748304808925,-0.9332359135620591,0,1,0,0,1,0,1,-0.579161792940097,0,1,0,0,0
225,2.0,2.0,0,0,1,0.059159876663617626,1.6663721245338343,1,0,1,0,0,0,1,0.15592817502233383,0,1,0,0,1
226,1.0,1.0,0,0,1,-0.5609748304808925,-0.7639661915459426,0,1,0,0,1,0,1,-0.579161792940097,0,1,0,0,0
227,5.0,1.0,0,0,1,-0.5609748304808925,-0.6461756399546907,0,1,0,1,0,0,1,-0.579161792940097,0,1,0,0,1
228,5.0,1.0,0,0,1,-0.5609748304808925,-1.0174933711291165,0,1,0,0,1,0,1,-0.579161792940097,0,1,0,0,0
229,5.0,1.0,0,0,1,-0.5609748304808925,-0.426258207714988,0,1,0,1,0,0,1,-0.579161792940097,0,1,0,0,0
230,3.0,1.0,0,0,1,1.9195639980971482,0.2857026023710448,1,0,0,0,1,1,0,1.6261081109471953,1,0,0,0,0
231,2.0,2.0,0,0,1,0.059159876663617626,1.5831903624246528,1,0,1,0,0,1,0,0.15592817502233383,0,0,1,0,1
232,3.0,1.0,0,0,1,-0.5609748304808925,-0.9485214277269757,0,1,0,0,1,0,1,-0.579161792940097,0,1,0,0,0
233,4.0,1.0,0,0,1,-0.5609748304808925,-0.3870269464514378,0,1,0,1,0,0,1,-0.579161792940097,0,1,0,0,0
234,5.0,1.0,0,0,1,3.1598334123861687,0.5114054638791508,1,0,0,0,1,1,0,1.6261081109471953,1,0,0,0,1
235,1.0,1.0,0,0,1,-0.5609748304808925,-0.6461756399546907,0,1,0,1,0,0,1,-0.579161792940097,0,1,0,0,0
236,3.0,1.0,0,0,1,-0.5609748304808925,-0.9775614039665362,0,1,0,0,1,1,0,-0.579161792940097,1,0,0,0,0
237,4.0,1.0,0,0,1,0.059159876663617626,0.3080056992343768,1,0,0,1,0,0,1,-0.579161792940097,0,1,0,0,0
238,5.0,1.0,0,0,1,0.6792945838081278,0.3183097005185114,1,0,0,1,0,1,0,0.8910181429847647,1,0,0,0,1
239,5.0,1.0,0,0,1,-0.5609748304808925,-0.6461756399546907,0,1,0,1,0,0,1,-0.579161792940097,0,1,0,0,0
240,2.0,1.0,0,0,1,-0.5609748304808925,-0.48570632796194324,0,1,0,1,0,0,1,-0.579161792940097,0,1,0,0,0
241,3.0,1.0,1,0,0,0.059159876663617626,-0.3157759049569776,1,0,0,0,1,1,0,0.15592817502233383,1,0,0,0,0
242,3.0,1.0,0,1,0,0.059159876663617626,-0.24257130262638713,1,0,0,0,1,1,0,0.15592817502233383,1,0,0,0,1
243,3.0,1.0,0,0,1,-0.5609748304808925,-0.6461756399546907,0,1,0,1,0,0,1,-0.579161792940097,0,1,0,0,0
244,1.0,1.0,0,0,1,-0.5609748304808925,-1.034562041991834,0,1,0,0,1,0,1,-0.579161792940097,0,1,0,0,0
245,3.0,1.0,1,0,0,-0.5609748304808925,-1.0208863213063866,0,1,0,0,1,0,1,-0.579161792940097,0,1,0,0,0
246,4.0,2.0,0,1,0,0.6792945838081278,1.6663721245338343,1,0,1,0,0,0,1,0.15592817502233383,0,0,0,1,0
247,1.0,1.0,0,0,1,-0.5609748304808925,-0.9485214277269757,0,1,0,0,1,1,0,-0.579161792940097,1,0,0,0,0
248,1.0,1.0,0,0,1,0.6792945838081278,-0.3124675753290565,1,0,0,1,0,1,0,0.15592817502233383,0,0,1,0,1
249,2.0,5.0,0,0,1,0.6792945838081278,1.0736599445294612,1,0,1,0,0,0,1,0.15592817502233383,0,1,0,0,1
250,4.0,1.0,0,0,1,0.059159876663617626,0.3080056992343768,1,0,0,1,0,0,1,0.15592817502233383,0,0,0,1,0
251,3.0,1.0,0,0,1,-0.5609748304808925,-1.0174933711291165,0,1,0,0,1,0,1,-0.579161792940097,0,1,0,0,0
252,3.0,4.0,0,0,1,0.6792945838081278,-0.6498271714272744,1,0,0,0,1,1,0,0.15592817502233383,0,0,1,0,0
253,4.0,2.0,0,0,1,-0.5609748304808925,0.3305504384084753,0,1,1,0,0,0,1,-0.579161792940097,0,1,0,0,0
254,3.0,1.0,0,0,1,0.059159876663617626,-0.20263933546380686,1,0,0,0,1,0,1,0.15592817502233383,0,1,0,0,0
255,4.0,1.0,0,0,1,0.6792945838081278,0.038298143563837254,1,0,0,0,1,1,0,0.15592817502233383,0,0,1,0,0
256,3.0,1.0,1,0,0,0.6792945838081278,-0.2599289646924245,1,0,0,0,1,1,0,-0.579161792940097,0,0,1,0,1
257,3.0,1.0,1,0,0,-0.5609748304808925,1.525131489475173,0,1,1,0,0,1,0,-0.579161792940097,0,0,1,0,1
258,3.0,7.0,0,0,1,-0.5609748304808925,1.6225242996889868,0,1,1,0,0,1,0,0.8910181429847647,1,0,0,0,1
259,2.0,1.0,1,0,0,-0.5609748304808925,3.60053566726979,0,1,1,0,0,1,0,0.8910181429847647,1,0,0,0,1
260,4.0,1.0,0,0,1,0.059159876663617626,0.3080056992343768,1,0,0,1,0,1,0,0.15592817502233383,0,0,1,0,1
261,3.0,1.0,0,1,0,-0.5609748304808925,-0.9517110910184592,0,1,0,0,1,0,1,-0.579161792940097,0,1,0,0,0
262,5.0,1.0,0,0,1,3.1598334123861687,0.5114054638791508,1,0,0,0,1,0,1,1.6261081109471953,0,0,0,1,1
263,4.0,3.0,0,0,1,0.6792945838081278,1.5313868903320647,1,0,1,0,0,0,1,0.8910181429847647,0,1,0,0,0
264,4.0,7.0,0,0,1,-0.5609748304808925,1.6180289876562777,0,1,1,0,0,0,1,-0.579161792940097,0,1,0,0,0
265,3.0,1.0,0,1,0,-0.5609748304808925,-0.9517110910184592,0,1,0,0,1,1,0,-0.579161792940097,1,0,0,0,0
266,2.0,1.0,0,0,1,-0.5609748304808925,-0.6461756399546907,0,1,0,1,0,0,1,-0.579161792940097,0,1,0,0,0
267,5.0,1.0,0,0,1,2.5396987052416584,0.7664699219430497,1,0,0,0,1,0,1,3.096288046872057,0,1,0,0,0
268,1.0,1.0,0,0,1,0.059159876663617626,-0.9485214277269757,1,0,0,0,1,0,1,-0.579161792940097,0,1,0,0,1
269,4.0,2.0,0,0,1,0.059159876663617626,2.2578842247955455,1,0,1,0,0,1,0,0.8910181429847647,0,0,1,0,1
270,2.0,2.0,0,0,1,-0.5609748304808925,2.1207637101085,0,1,1,0,0,1,0,0.8910181429847647,1,0,0,0,1
271,3.0,1.0,0,0,1,-0.5609748304808925,0.49794878307373247,0,1,1,0,0,0,1,0.15592817502233383,0,1,0,0,0
272,1.0,1.0,0,0,1,-0.5609748304808925,-0.36504872412522704,0,1,0,0,1,0,1,1.6261081109471953,0,1,0,0,1
273,4.0,1.0,0,0,1,0.059159876663617626,0.00010165358694608772,1,0,0,1,0,1,0,0.15592817502233383,0,0,1,0,1
274,2.0,2.0,1,0,0,0.059159876663617626,0.45158267759263704,1,0,1,0,0,0,1,-0.579161792940097,0,1,0,0,0
275,3.0,1.0,0,1,0,-0.5609748304808925,-0.9517110910184592,0,1,0,0,1,1,0,-0.579161792940097,1,0,0,0,1
276,4.0,5.0,0,0,1,0.059159876663617626,1.5076869798952621,1,0,1,0,0,1,0,0.8910181429847647,1,0,0,0,1
277,4.0,1.0,0,0,1,-0.5609748304808925,-0.9517110910184592,0,1,0,0,1,1,0,-0.579161792940097,1,0,0,0,0
278,3.0,1.0,0,0,1,-0.5609748304808925,0.09712956607669032,0,1,0,1,0,0,1,0.8910181429847647,0,1,0,0,0
279,5.0,1.0,0,1,0,2.5396987052416584,0.43044480731640855,1,0,0,0,1,0,1,2.361198078909626,0,0,0,1,0
280,2.0,1.0,0,0,1,0.6792945838081278,0.040272785629099826,1,0,0,0,1,1,0,0.15592817502233383,0,0,1,0,1
281,4.0,1.0,0,1,0,-0.5609748304808925,-0.9517110910184592,0,1,0,0,1,0,1,-0.579161792940097,0,1,0,0,0
282,1.0,1.0,0,0,1,-0.5609748304808925,-0.9384762398859902,0,1,0,0,1,0,1,-0.579161792940097,0,1,0,0,0
283,5.0,1.0,0,0,1,-0.5609748304808925,-0.7478799251623495,0,1,0,0,1,0,1,-0.579161792940097,0,1,0,0,0
284,5.0,1.0,0,0,1,-0.5609748304808925,-0.9140229303798847,0,1,0,0,1,0,1,-0.579161792940097,0,1,0,0,1
285,3.0,6.0,0,0,1,-0.5609748304808925,0.3080056992343768,0,1,1,0,0,0,1,-0.579161792940097,0,1,0,0,0
286,2.0,1.0,1,0,0,-0.5609748304808925,-0.8408092876954759,0,1,0,0,1,0,1,-0.579161792940097,0,1,0,0,0
287,3.0,1.0,0,0,1,-0.5609748304808925,-0.7478799251623495,0,1,0,0,1,0,1,-0.579161792940097,0,1,0,0,1
288,1.0,1.0,0,0,1,-0.5609748304808925,-0.9332359135620591,0,1,0,0,1,0,1,-0.579161792940097,0,1,0,0,0
289,4.0,1.0,0,0,1,-0.5609748304808925,-0.426258207714988,0,1,0,1,0,0,1,-0.579161792940097,0,1,0,0,1
290,1.0,1.0,0,1,0,-0.5609748304808925,-0.9517110910184592,0,1,0,0,1,1,0,-0.579161792940097,1,0,0,0,1
291,1.0,1.0,0,0,1,-0.5609748304808925,1.5202418637007398,0,1,1,0,0,1,0,0.15592817502233383,1,0,0,0,1
292,5.0,7.0,1,0,0,0.059159876663617626,1.6795525832340137,1,0,1,0,0,1,0,0.15592817502233383,0,0,1,0,1
293,2.0,5.0,1,0,0,-0.5609748304808925,-0.4362849675283143,0,1,0,1,0,0,1,-0.579161792940097,0,1,0,0,0
294,1.0,1.0,0,0,1,-0.5609748304808925,-0.8193228564819623,0,1,0,0,1,1,0,-0.579161792940097,1,0,0,0,0
295,1.0,1.0,0,0,1,-0.5609748304808925,-0.9332359135620591,0,1,0,0,1,0,1,-0.579161792940097,0,1,0,0,0
296,3.0,1.0,1,0,0,-0.5609748304808925,0.37707956174913465,0,1,1,0,0,0,1,-0.579161792940097,0,1,0,0,0
297,1.0,1.0,1,0,0,-0.5609748304808925,-1.020315585537008,0,1,0,0,1,0,1,-0.579161792940097,0,1,0,0,0
298,5.0,2.0,0,0,1,1.299429290952638,2.243955429137777,1,0,1,0,0,1,0,1.6261081109471953,1,0,0,0,0
299,3.0,2.0,0,0,1,-0.5609748304808925,0.4803424943957473,0,1,1,0,0,0,1,-0.579161792940097,0,1,0,0,1
300,4.0,7.0,1,0,0,0.059159876663617626,2.7895659870631895,1,0,1,0,0,1,0,0.15592817502233383,0,0,1,0,1
301,3.0,1.0,0,1,0,-0.5609748304808925,-0.9517110910184592,0,1,0,0,1,1,0,-0.579161792940097,1,0,0,0,1
302,3.0,1.0,0,1,0,0.6792945838081278,0.18791241516000337,1,0,0,0,1,0,1,0.15592817502233383,0,1,0,0,1
303,5.0,1.0,0,0,1,-0.5609748304808925,-0.36504872412522704,0,1,0,0,1,0,1,1.6261081109471953,0,1,0,0,0
304,3.0,3.0,0,1,0,-0.5609748304808925,-0.47940785369523514,0,1,0,1,0,1,0,-0.579161792940097,1,0,0,0,1
305,3.0,1.0,0,0,1,-0.5609748304808925,-0.9140229303798847,0,1,0,0,1,0,1,-0.579161792940097,0,1,0,0,0
306,5.0,2.0,0,0,1,1.299429290952638,2.243955429137777,1,0,1,0,0,0,1,1.6261081109471953,0,0,0,1,1
307,3.0,1.0,1,0,0,-0.5609748304808925,1.8973424991846906,0,1,1,0,0,1,0,1.6261081109471953,1,0,0,0,1
308,5.0,2.0,1,0,0,0.059159876663617626,1.8773469327488657,1,0,1,0,0,1,0,0.15592817502233383,0,0,1,0,1
309,3.0,1.0,1,0,0,0.059159876663617626,0.22196508496951847,1,0,0,1,0,0,1,0.15592817502233383,0,1,0,0,0
310,3.0,3.0,1,0,0,-0.5609748304808925,1.1614516549237874,0,1,1,0,0,1,0,0.15592817502233383,1,0,0,0,1
311,1.0,2.0,1,0,0,-0.5609748304808925,1.5789911504443532,0,1,1,0,0,1,0,0.15592817502233383,1,0,0,0,1
312,5.0,7.0,1,0,0,1.9195639980971482,2.8544671094534975,1,0,1,0,0,1,0,0.15592817502233383,1,0,0,0,1
313,1.0,1.0,0,0,1,0.6792945838081278,0.3080056992343768,1,0,0,1,0,1,0,-0.579161792940097,0,0,1,0,0
314,1.0,1.0,0,0,1,-0.5609748304808925,-0.9332359135620591,0,1,0,0,1,0,1,-0.579161792940097,0,1,0,0,0
315,4.0,1.0,0,0,1,0.6792945838081278,0.3183097005185114,1,0,0,1,0,0,1,0.8910181429847647,0,1,0,0,0
316,1.0,1.0,0,0,1,-0.5609748304808925,-0.9384762398859902,0,1,0,0,1,1,0,-0.579161792940097,1,0,0,0,1
317,1.0,1.0,0,0,1,0.059159876663617626,0.3080056992343768,1,0,0,1,0,1,0,0.15592817502233383,0,0,1,0,1
318,4.0,1.0,0,0,1,-0.5609748304808925,-0.34912581767710077,0,1,0,1,0,0,1,-0.579161792940097,0,0,0,1,0
319,2.0,2.0,0,0,1,0.6792945838081278,2.3375211429656617,1,0,1,0,0,1,0,0.15592817502233383,1,0,0,0,1
320,4.0,3.0,1,0,0,0.6792945838081278,2.1114520251306494,1,0,1,0,0,1,0,0.15592817502233383,0,0,1,0,1
321,1.0,1.0,0,0,1,-0.5609748304808925,-1.0174933711291165,0,1,0,0,1,0,1,-0.579161792940097,0,1,0,0,0
322,1.0,1.0,0,0,1,-0.5609748304808925,-0.9332359135620591,0,1,0,0,1,0,1,-0.579161792940097,0,1,0,0,0
323,3.0,1.0,0,1,0,-0.5609748304808925,-0.47940785369523514,0,1,0,1,0,1,0,-0.579161792940097,1,0,0,0,1
324,1.0,1.0,0,0,1,0.6792945838081278,0.42579625082562866,1,0,0,1,0,1,0,0.15592817502233383,0,0,1,0,1
325,3.0,1.0,0,0,1,5.64037224096421,1.3818048841454893,1,0,0,0,1,0,1,3.831378014834488,0,1,0,0,0
326,2.0,2.0,1,0,0,-0.5609748304808925,2.1207637101085,0,1,1,0,0,1,0,0.8910181429847647,1,0,0,0,1
327,4.0,1.0,0,0,1,-0.5609748304808925,-1.1638782237595662,0,1,0,0,1,0,1,-0.579161792940097,0,1,0,0,0
328,2.0,5.0,0,0,1,-0.5609748304808925,-0.426258207714988,0,1,0,1,0,1,0,-0.579161792940097,0,0,1,0,1
329,2.0,1.0,0,0,1,0.6792945838081278,0.054647897157064716,1,0,0,0,1,1,0,0.8910181429847647,0,0,1,0,1
330,5.0,7.0,1,0,0,0.059159876663617626,1.1815341571526745,1,0,1,0,0,1,0,0.15592817502233383,1,0,0,0,1
331,3.0,1.0,0,1,0,0.6792945838081278,0.18791241516000337,1,0,0,0,1,1,0,0.15592817502233383,1,0,0,0,1
332,4.0,2.0,0,0,1,-0.5609748304808925,0.40700629213203804,0,1,1,0,0,0,1,-0.579161792940097,0,1,0,0,0
333,2.0,2.0,0,0,1,0.059159876663617626,2.2578842247955455,1,0,1,0,0,0,1,0.8910181429847647,0,1,0,0,0
334,5.0,1.0,0,0,1,0.6792945838081278,-0.08484878387255554,1,0,0,0,1,0,1,0.15592817502233383,0,1,0,0,0
335,3.0,1.0,0,0,1,0.059159876663617626,2.1044168007930746,1,0,1,0,0,1,0,0.15592817502233383,0,0,1,0,1
336,3.0,1.0,0,0,1,-0.5609748304808925,-0.9332359135620591,0,1,0,0,1,0,1,-0.579161792940097,0,1,0,0,0
337,3.0,2.0,0,0,1,0.059159876663617626,1.3340519883612023,1,0,1,0,0,0,1,0.15592817502233383,0,1,0,0,0
338,4.0,3.0,1,0,0,-0.5609748304808925,2.1114520251306494,0,1,1,0,0,1,0,0.15592817502233383,1,0,0,0,1
339,4.0,1.0,0,0,1,-0.5609748304808925,-0.9140229303798847,0,1,0,0,1,0,1,-0.579161792940097,0,1,0,0,1
340,4.0,9.0,0,0,1,-0.5609748304808925,0.6450480228936538,0,1,1,0,0,0,1,-0.579161792940097,0,1,0,0,0
341,5.0,8.0,0,0,1,0.6792945838081278,0.3080056992343768,1,0,0,1,0,0,1,0.8910181429847647,0,0,0,1,1
342,1.0,2.0,0,0,1,2.5396987052416584,2.85711697138453,1,0,1,0,0,1,0,1.6261081109471953,1,0,0,0,1
343,1.0,1.0,0,0,1,-0.5609748304808925,-0.426258207714988,0,1,0,1,0,0,1,-0.579161792940097,0,1,0,0,0
344,1.0,1.0,0,0,1,-0.5609748304808925,-0.426258207714988,0,1,0,1,0,0,1,-0.579161792940097,0,1,0,0,0
345,2.0,1.0,0,0,1,-0.5609748304808925,-0.426258207714988,0,1,0,1,0,0,1,-0.579161792940097,0,1,0,0,0
346,1.0,8.0,0,0,1,-0.5609748304808925,-0.426258207714988,0,1,0,1,0,1,0,-0.579161792940097,1,0,0,0,1
347,4.0,1.0,0,0,1,-0.5609748304808925,-0.426258207714988,0,1,0,1,0,1,0,-0.579161792940097,1,0,0,0,1
348,3.0,1.0,0,0,1,0.059159876663617626,-0.20263933546380686,1,0,0,0,1,1,0,-0.579161792940097,0,0,1,0,1
349,5.0,1.0,0,0,1,0.6792945838081278,-0.21579214864425594,1,0,0,0,1,0,1,0.15592817502233383,0,0,0,1,1
350,4.0,1.0,0,0,1,-0.5609748304808925,-0.8408092876954759,0,1,0,0,1,0,1,-0.579161792940097,0,1,0,0,0
351,1.0,1.0,0,0,1,-0.5609748304808925,-0.7775505169447964,0,1,0,0,1,0,1,-0.579161792940097,0,1,0,0,0
352,3.0,2.0,0,0,1,-0.5609748304808925,0.6296274166817384,0,1,1,0,0,0,1,-0.579161792940097,0,1,0,0,0
353,5.0,1.0,1,0,0,0.6792945838081278,-1.020315585537008,1,0,0,0,1,0,1,-0.579161792940097,0,1,0,0,0
354,1.0,1.0,0,0,1,0.059159876663617626,-0.0966793305176662,1,0,0,0,1,0,1,0.15592817502233383,0,1,0,0,0
355,3.0,1.0,1,0,0,-0.5609748304808925,-1.0208863213063866,0,1,0,0,1,0,1,-0.579161792940097,0,1,0,0,0
356,1.0,1.0,0,0,1,-0.5609748304808925,-0.7478799251623495,0,1,0,0,1,0,1,-0.579161792940097,0,1,0,0,0
357,1.0,3.0,0,0,1,0.059159876663617626,1.1235859292904713,1,0,1,0,0,1,0,0.15592817502233383,1,0,0,0,1
358,2.0,1.0,0,0,1,-0.5609748304808925,-0.426258207714988,0,1,0,1,0,1,0,-0.579161792940097,1,0,0,0,0
359,3.0,1.0,0,1,0,-0.5609748304808925,-0.9353240610428315,0,1,0,0,1,1,0,-0.579161792940097,1,0,0,0,1
360,3.0,1.0,0,1,0,-0.5609748304808925,-0.9353240610428315,0,1,0,0,1,1,0,-0.579161792940097,1,0,0,0,1
361,4.0,1.0,0,0,1,2.5396987052416584,0.3840333695921524,1,0,0,0,1,0,1,3.096288046872057,0,1,0,0,0
362,3.0,1.0,1,0,0,0.059159876663617626,0.37707956174913465,1,0,0,1,0,0,1,-0.579161792940097,0,1,0,0,0
363,4.0,1.0,1,0,0,0.059159876663617626,-0.3157759049569776,1,0,0,0,1,1,0,0.15592817502233383,0,0,1,0,0
364,2.0,1.0,0,0,1,-0.5609748304808925,-1.0449297474399395,0,1,0,0,1,0,1,-0.579161792940097,0,1,0,0,0
365,3.0,1.0,0,1,0,0.059159876663617626,-0.24257130262638713,1,0,0,0,1,0,1,0.15592817502233383,0,1,0,0,0
366,3.0,1.0,0,0,1,-0.5609748304808925,-1.0174933711291165,0,1,0,0,1,0,1,-0.579161792940097,0,1,0,0,0
367,4.0,5.0,1,0,0,0.059159876663617626,1.468666871129945,1,0,1,0,0,1,0,-0.579161792940097,0,0,1,0,1
368,3.0,1.0,1,0,0,-0.5609748304808925,-1.020315585537008,0,1,0,0,1,1,0,-0.579161792940097,0,0,1,0,1
369,3.0,1.0,0,1,0,-0.5609748304808925,-0.9517110910184592,0,1,0,0,1,1,0,-0.579161792940097,1,0,0,0,1
370,1.0,7.0,1,0,0,-0.5609748304808925,1.3778362032816898,0,1,1,0,0,1,0,0.15592817502233383,0,0,1,0,1
371,1.0,3.0,1,0,0,0.059159876663617626,1.1323693724217934,1,0,1,0,0,0,1,-0.579161792940097,0,1,0,0,1
372,5.0,1.0,0,0,1,0.059159876663617626,-1.124674128230145,1,0,0,0,1,0,1,-0.579161792940097,0,1,0,0,0
373,5.0,1.0,0,0,1,-0.5609748304808925,-0.9140229303798847,0,1,0,0,1,0,1,-0.579161792940097,0,1,0,0,0
374,1.0,1.0,1,0,0,-0.5609748304808925,2.1207637101085,0,1,1,0,0,0,1,0.8910181429847647,0,1,0,0,0
375,5.0,1.0,0,0,1,1.9195639980971482,0.0828552156299652,1,0,0,0,1,1,0,1.6261081109471953,1,0,0,0,0
376,3.0,1.0,1,0,0,0.059159876663617626,1.5657954260956548,1,0,1,0,0,1,0,0.15592817502233383,0,0,1,0,1
377,1.0,1.0,0,0,1,-0.5609748304808925,-1.0174933711291165,0,1,0,0,1,1,0,-0.579161792940097,1,0,0,0,1
378,1.0,2.0,1,0,0,0.6792945838081278,2.6145081763365456,1,0,1,0,0,0,1,-0.579161792940097,0,1,0,0,0
379,5.0,1.0,1,0,0,-0.5609748304808925,-1.574556784535744,0,1,0,0,1,0,1,-0.579161792940097,0,1,0,0,0
380,5.0,1.0,0,0,1,-0.5609748304808925,-0.9485214277269757,0,1,0,0,1,0,1,-0.579161792940097,0,1,0,0,0
381,4.0,1.0,1,0,0,-0.5609748304808925,2.6957891007760906,0,1,1,0,0,1,0,1.6261081109471953,1,0,0,0,1
382,5.0,1.0,1,0,0,0.6792945838081278,-0.22631343280340793,1,0,0,0,1,1,0,0.15592817502233383,1,0,0,0,1
383,2.0,1.0,0,0,1,-0.5609748304808925,-0.9295722245027681,0,1,0,0,1,0,1,-0.579161792940097,0,1,0,0,0
384,2.0,1.0,0,0,1,0.059159876663617626,1.0620304074292939,1,0,1,0,0,1,0,0.15592817502233383,0,0,1,0,1
385,3.0,1.0,0,0,1,-0.5609748304808925,-0.9332359135620591,0,1,0,0,1,0,1,-0.579161792940097,0,1,0,0,0
386,5.0,1.0,0,0,1,-0.5609748304808925,1.4427093748036828,0,1,0,1,0,0,1,2.361198078909626,0,1,0,0,0
387,5.0,1.0,0,0,1,3.779968119530679,0.9489175874544203,1,0,0,0,1,0,1,3.096288046872057,0,0,0,1,0
388,2.0,1.0,0,0,1,-0.5609748304808925,-0.426258207714988,0,1,0,1,0,1,0,-0.579161792940097,1,0,0,0,1
389,3.0,1.0,0,1,0,-0.5609748304808925,-0.9543718439662711,0,1,0,0,1,0,1,-0.579161792940097,0,1,0,0,0
390,5.0,1.0,1,0,0,-0.5609748304808925,-0.5091091586883623,0,1,0,1,0,1,0,-0.579161792940097,1,0,0,0,1
391,2.0,7.0,0,0,1,1.299429290952638,1.984918252076405,1,0,1,0,0,0,1,1.6261081109471953,0,1,0,0,1
392,1.0,1.0,0,0,1,-0.5609748304808925,-0.9458745458151049,0,1,0,0,1,0,1,-0.579161792940097,0,1,0,0,1
393,1.0,1.0,0,0,1,0.6792945838081278,-0.9295722245027681,1,0,0,0,1,0,1,-0.579161792940097,0,1,0,0,0
394,1.0,5.0,1,0,0,0.059159876663617626,1.9209893290765572,1,0,1,0,0,1,0,0.8910181429847647,1,0,0,0,1
395,1.0,4.0,0,0,1,0.6792945838081278,-0.1640846105145817,1,0,0,0,1,1,0,0.15592817502233383,0,0,1,0,1
396,1.0,1.0,0,0,1,-0.5609748304808925,-0.9458745458151049,0,1,0,0,1,0,1,-0.579161792940097,0,1,0,0,0
397,2.0,1.0,0,0,1,-0.5609748304808925,-0.9384762398859902,0,1,0,0,1,1,0,-0.579161792940097,1,0,0,0,0
398,4.0,1.0,0,0,1,-0.5609748304808925,0.3080056992343768,0,1,0,1,0,0,1,0.15592817502233383,0,1,0,0,0
399,1.0,1.0,0,0,1,-0.5609748304808925,-0.6461756399546907,0,1,0,1,0,0,1,-0.579161792940097,0,0,0,1,0
400,1.0,1.0,0,0,1,-0.5609748304808925,-0.45456291511824315,0,1,0,1,0,1,0,-0.579161792940097,0,0,1,0,1
401,4.0,1.0,0,0,1,-0.5609748304808925,-0.9295722245027681,0,1,0,0,1,0,1,-0.579161792940097,0,1,0,0,1
402,1.0,1.0,0,0,1,-0.5609748304808925,-0.9140229303798847,0,1,0,0,1,0,1,-0.579161792940097,0,1,0,0,0
403,1.0,1.0,0,0,1,0.059159876663617626,-0.7138006371881612,1,0,0,0,1,1,0,-0.579161792940097,1,0,0,0,0
404,1.0,1.0,0,0,1,0.059159876663617626,-0.2191046732167365,1,0,0,0,1,0,1,0.15592817502233383,0,1,0,0,0
405,5.0,1.0,0,0,1,-0.5609748304808925,-0.8408092876954759,0,1,0,0,1,1,0,-0.579161792940097,1,0,0,0,0
406,2.0,1.0,0,0,1,0.059159876663617626,0.0790504148209749,1,0,0,1,0,0,1,-0.579161792940097,0,1,0,0,0
407,4.0,1.0,0,0,1,-0.5609748304808925,-0.9517110910184592,0,1,0,0,1,0,1,-0.579161792940097,0,1,0,0,0
408,5.0,1.0,0,0,1,0.6792945838081278,-0.041566879680289694,1,0,0,1,0,0,1,0.8910181429847647,0,0,0,1,1
409,1.0,1.0,0,0,1,-0.5609748304808925,-0.9485214277269757,0,1,0,0,1,0,1,-0.579161792940097,0,1,0,0,0
410,3.0,1.0,0,0,1,1.9195639980971482,0.2857026023710448,1,0,0,0,1,1,0,1.6261081109471953,1,0,0,0,0
411,3.0,1.0,0,0,1,-0.5609748304808925,-0.9332359135620591,0,1,0,0,1,0,1,-0.579161792940097,0,1,0,0,0
412,3.0,1.0,0,1,0,-0.5609748304808925,-1.071874979414355,0,1,0,0,1,0,1,-0.579161792940097,0,1,0,0,0
413,2.0,2.0,0,1,0,0.059159876663617626,1.6663721245338343,1,0,1,0,0,1,0,0.15592817502233383,1,0,0,0,1
414,3.0,1.0,0,0,1,-0.5609748304808925,0.09712956607669032,0,1,0,1,0,0,1,0.8910181429847647,0,1,0,0,0
415,4.0,1.0,0,0,1,-0.5609748304808925,-0.9295722245027681,0,1,0,0,1,0,1,-0.579161792940097,0,1,0,0,1
416,3.0,1.0,0,0,1,-0.5609748304808925,-0.9140229303798847,0,1,0,0,1,1,0,-0.579161792940097,0,0,1,0,0
417,2.0,1.0,0,0,1,0.6792945838081278,0.5491627552489404,1,0,0,1,0,1,0,-0.579161792940097,0,0,1,0,1
418,5.0,1.0,0,0,1,0.6792945838081278,-0.426258207714988,1,0,0,1,0,1,0,-0.579161792940097,1,0,0,0,1
419,3.0,1.0,0,0,1,-0.5609748304808925,-0.426258207714988,0,1,0,1,0,0,1,-0.579161792940097,0,1,0,0,0
420,5.0,1.0,0,0,1,0.6792945838081278,0.22865289888308268,1,0,0,0,1,1,0,0.8910181429847647,1,0,0,0,0
421,3.0,1.0,1,0,0,-0.5609748304808925,-0.9332359135620591,0,1,0,0,1,0,1,-0.579161792940097,0,1,0,0,0
422,1.0,1.0,0,1,0,-0.5609748304808925,-0.9538468672896242,0,1,0,0,1,0,1,-0.579161792940097,0,1,0,0,0
423,3.0,1.0,0,0,1,-0.5609748304808925,-0.9358530063328323,0,1,0,0,1,0,1,-0.579161792940097,0,1,0,0,0
424,1.0,1.0,0,0,1,0.6792945838081278,-0.31970369266427384,1,0,0,0,1,1,0,0.15592817502233383,0,0,1,0,0
425,5.0,1.0,0,0,1,0.6792945838081278,0.038298143563837254,1,0,0,0,1,0,1,0.15592817502233383,0,1,0,0,0
426,3.0,1.0,0,0,1,-0.5609748304808925,-1.0174933711291165,0,1,0,0,1,0,1,-0.579161792940097,0,1,0,0,0
427,1.0,1.0,0,0,1,0.059159876663617626,0.3080056992343768,1,0,0,1,0,1,0,-0.579161792940097,0,0,1,0,1
428,5.0,1.0,0,0,1,-0.5609748304808925,0.3080056992343768,0,1,0,1,0,1,0,0.15592817502233383,1,0,0,0,1
429,3.0,1.0,0,1,0,-0.5609748304808925,-0.9517110910184592,0,1,0,0,1,0,1,-0.579161792940097,0,1,0,0,0
430,2.0,3.0,0,0,1,-0.5609748304808925,-0.9140229303798847,0,1,0,0,1,0,1,-0.579161792940097,0,1,0,0,1
431,1.0,2.0,0,0,1,-0.5609748304808925,0.3305504384084753,0,1,1,0,0,0,1,-0.579161792940097,0,1,0,0,1
432,3.0,1.0,0,0,1,0.059159876663617626,-0.20263933546380686,1,0,0,0,1,1,0,0.15592817502233383,0,0,1,0,1
433,4.0,1.0,0,0,1,0.059159876663617626,0.3080056992343768,1,0,0,1,0,1,0,-0.579161792940097,0,0,1,0,1
434,5.0,1.0,0,0,1,-0.5609748304808925,-1.034562041991834,0,1,0,0,1,0,1,-0.579161792940097,0,1,0,0,0
435,4.0,3.0,0,0,1,0.059159876663617626,1.1414105513790322,1,0,1,0,0,0,1,0.15592817502233383,0,1,0,0,0
436,5.0,7.0,0,0,1,1.299429290952638,1.984918252076405,1,0,1,0,0,1,0,1.6261081109471953,1,0,0,0,1
437,1.0,1.0,0,0,1,1.9195639980971482,0.6100476478349847,1,0,0,0,1,1,0,1.6261081109471953,1,0,0,0,0
438,1.0,1.0,0,0,1,2.5396987052416584,-0.041566879680289694,1,0,0,1,0,1,0,0.8910181429847647,0,0,1,0,1
439,4.0,2.0,0,0,1,2.5396987052416584,2.85711697138453,1,0,1,0,0,0,1,1.6261081109471953,0,1,0,0,0
440,2.0,1.0,0,0,1,-0.5609748304808925,-0.6461756399546907,0,1,0,1,0,0,1,-0.579161792940097,0,1,0,0,0
441,4.0,1.0,0,0,1,0.6792945838081278,0.3183097005185114,1,0,0,1,0,1,0,0.8910181429847647,0,0,1,0,1
442,5.0,1.0,0,0,1,-0.5609748304808925,-0.7478799251623495,0,1,0,0,1,0,1,-0.579161792940097,0,1,0,0,0
443,1.0,1.0,0,0,1,0.059159876663617626,-0.9485214277269757,1,0,0,0,1,0,1,-0.579161792940097,0,1,0,0,0
444,1.0,1.0,0,0,1,-0.5609748304808925,-0.426258207714988,0,1,0,1,0,1,0,-0.579161792940097,1,0,0,0,1
445,3.0,1.0,0,0,1,-0.5609748304808925,-0.906328638306966,0,1,0,0,1,0,1,-0.579161792940097,0,1,0,0,1
446,5.0,6.0,0,0,1,0.6792945838081278,1.561586911046498,1,0,1,0,0,0,1,-0.579161792940097,0,0,0,1,1
447,5.0,1.0,0,0,1,0.059159876663617626,0.00010165358694608772,1,0,0,1,0,1,0,0.15592817502233383,1,0,0,0,1
448,2.0,1.0,0,0,1,-0.5609748304808925,0.3305504384084753,0,1,1,0,0,0,1,-0.579161792940097,0,1,0,0,1
449,5.0,1.0,1,0,0,1.299429290952638,-0.013157879866035007,1,0,0,0,1,1,0,1.6261081109471953,1,0,0,0,1
450,4.0,2.0,0,0,1,-0.5609748304808925,0.4803424943957473,0,1,1,0,0,0,1,-0.579161792940097,0,0,0,1,1
451,2.0,1.0,0,0,1,1.299429290952638,0.37821561374729634,1,0,0,1,0,0,1,0.8910181429847647,0,1,0,0,0
452,3.0,1.0,0,0,1,0.059159876663617626,0.025267945411263155,1,0,0,0,1,0,1,-0.579161792940097,0,1,0,0,0
453,3.0,2.0,1,0,0,-0.5609748304808925,0.37821561374729634,0,1,1,0,0,0,1,-0.579161792940097,0,1,0,0,0
454,4.0,2.0,1,0,0,0.059159876663617626,1.6553122896960397,1,0,1,0,0,0,1,0.15592817502233383,0,1,0,0,1
455,3.0,1.0,0,0,1,-0.5609748304808925,-0.9140229303798847,0,1,0,0,1,0,1,-0.579161792940097,0,1,0,0,0
456,3.0,1.0,1,0,0,-0.5609748304808925,-0.9332359135620591,0,1,0,0,1,0,1,-0.579161792940097,0,1,0,0,1
457,4.0,3.0,0,0,1,-0.5609748304808925,0.3305504384084753,0,1,1,0,0,0,1,-0.579161792940097,0,1,0,0,0
458,3.0,5.0,0,0,1,0.059159876663617626,1.059126228566647,1,0,1,0,0,1,0,-0.579161792940097,0,0,1,0,1
459,4.0,1.0,0,0,1,-0.5609748304808925,-0.6461756399546907,0,1,0,1,0,1,0,-0.579161792940097,1,0,0,0,1
460,3.0,1.0,0,1,0,-0.5609748304808925,-0.9517110910184592,0,1,0,0,1,0,1,-0.579161792940097,0,1,0,0,0
461,4.0,3.0,0,0,1,-0.5609748304808925,0.3305504384084753,0,1,1,0,0,0,1,-0.579161792940097,0,1,0,0,1
462,2.0,1.0,0,0,1,-0.5609748304808925,-0.9140229303798847,0,1,0,0,1,0,1,-0.579161792940097,0,1,0,0,0
463,4.0,3.0,0,0,1,-0.5609748304808925,0.7333551888224398,0,1,1,0,0,0,1,-0.579161792940097,0,1,0,0,0
464,4.0,1.0,0,0,1,-0.5609748304808925,-0.426258207714988,0,1,0,1,0,0,1,-0.579161792940097,0,1,0,0,0
465,3.0,1.0,0,0,1,-0.5609748304808925,-0.9140229303798847,0,1,0,0,1,0,1,-0.579161792940097,0,1,0,0,0
466,2.0,1.0,0,0,1,-0.5609748304808925,-1.0449297474399395,0,1,0,0,1,0,1,-0.579161792940097,0,1,0,0,0
467,3.0,1.0,0,0,1,-0.5609748304808925,0.09712956607669032,0,1,0,1,0,0,1,0.8910181429847647,0,1,0,0,0
468,4.0,1.0,0,0,1,-0.5609748304808925,0.3305504384084753,0,1,1,0,0,0,1,-0.579161792940097,0,1,0,0,0
469,3.0,1.0,0,1,0,-0.5609748304808925,-0.9549098806837266,0,1,0,0,1,0,1,-0.579161792940097,0,1,0,0,0
470,5.0,1.0,1,0,0,1.299429290952638,-0.013157879866035007,1,0,0,0,1,1,0,1.6261081109471953,1,0,0,0,1
471,3.0,1.0,0,0,1,-0.5609748304808925,-1.0174933711291165,0,1,0,0,1,0,1,-0.579161792940097,0,1,0,0,0
472,2.0,1.0,0,0,1,-0.5609748304808925,-0.8408092876954759,0,1,0,0,1,0,1,-0.579161792940097,0,1,0,0,0
473,2.0,1.0,0,0,1,1.299429290952638,0.37821561374729634,1,0,0,1,0,1,0,0.8910181429847647,0,0,1,0,1
474,1.0,5.0,1,0,0,-0.5609748304808925,-0.3647595843060087,0,1,0,1,0,1,0,-0.579161792940097,0,0,1,0,1
475,1.0,1.0,0,0,1,-0.5609748304808925,-0.7125104163579385,0,1,0,0,1,1,0,-0.579161792940097,1,0,0,0,0
476,3.0,6.0,0,0,1,-0.5609748304808925,1.0620304074292939,0,1,1,0,0,0,1,0.15592817502233383,0,1,0,0,0
477,2.0,1.0,0,0,1,0.059159876663617626,0.0790504148209749,1,0,0,1,0,0,1,0.15592817502233383,0,1,0,0,0
478,3.0,1.0,0,0,1,0.059159876663617626,-1.0455131915996392,1,0,0,0,1,0,1,-0.579161792940097,0,1,0,0,0
479,1.0,1.0,0,0,1,-0.5609748304808925,-0.9813860563105867,0,1,0,0,1,0,1,-0.579161792940097,0,1,0,0,0
480,5.0,1.0,0,0,1,0.059159876663617626,-0.48465411496633803,1,0,0,0,1,1,0,-0.579161792940097,1,0,0,0,1
481,5.0,1.0,0,0,1,3.779968119530679,0.9489175874544203,1,0,0,0,1,0,1,3.096288046872057,0,0,0,1,0
482,3.0,1.0,0,0,1,-0.5609748304808925,0.09712956607669032,0,1,0,1,0,0,1,-0.579161792940097,0,1,0,0,0
483,4.0,1.0,0,0,1,-0.5609748304808925,-0.9140229303798847,0,1,0,0,1,0,1,-0.579161792940097,0,1,0,0,0
484,4.0,1.0,0,0,1,-0.5609748304808925,-0.738602060917032,0,1,0,0,1,1,0,-0.579161792940097,0,0,1,0,1
485,1.0,7.0,1,0,0,0.059159876663617626,1.6795525832340137,1,0,1,0,0,0,1,0.15592817502233383,0,1,0,0,1
486,3.0,1.0,0,0,1,1.9195639980971482,0.2857026023710448,1,0,0,0,1,1,0,1.6261081109471953,1,0,0,0,0
487,2.0,2.0,0,0,1,0.059159876663617626,1.6663721245338343,1,0,1,0,0,1,0,0.15592817502233383,0,0,1,0,1
488,4.0,7.0,1,0,0,-0.5609748304808925,0.45158267759263704,0,1,1,0,0,0,1,-0.579161792940097,0,1,0,0,0
489,3.0,1.0,0,0,1,-0.5609748304808925,-0.9140229303798847,0,1,0,0,1,0,1,-0.579161792940097,0,1,0,0,0
490,5.0,1.0,0,0,1,0.6792945838081278,-0.21579214864425594,1,0,0,0,1,0,1,0.15592817502233383,0,0,0,1,1
491,3.0,1.0,0,0,1,0.059159876663617626,0.025267945411263155,1,0,0,0,1,0,1,-0.579161792940097,0,1,0,0,0
492,1.0,1.0,0,0,1,-0.5609748304808925,-1.0174933711291165,0,1,0,0,1,0,1,-0.579161792940097,0,1,0,0,0
493,4.0,2.0,0,0,1,-0.5609748304808925,0.4803424943957473,0,1,1,0,0,0,1,-0.579161792940097,0,1,0,0,0
494,4.0,1.0,1,0,0,-0.5609748304808925,1.0081043631346291,0,1,1,0,0,0,1,-0.579161792940097,0,1,0,0,0
495,1.0,1.0,0,0,1,-0.5609748304808925,-0.9140229303798847,0,1,0,0,1,0,1,-0.579161792940097,0,1,0,0,0
496,3.0,1.0,1,0,0,-0.5609748304808925,-0.31547934514779824,0,1,0,0,1,0,1,0.15592817502233383,0,1,0,0,0
497,4.0,5.0,1,0,0,0.059159876663617626,1.5120451319509485,1,0,1,0,0,1,0,0.15592817502233383,1,0,0,0,1
498,3.0,1.0,0,0,1,-0.5609748304808925,-0.2700076789372101,0,1,0,0,1,0,1,-0.579161792940097,0,1,0,0,0
499,1.0,2.0,0,0,1,1.299429290952638,2.243955429137777,1,0,1,0,0,1,0,1.6261081109471953,0,0,1,0,0
500,1.0,1.0,0,0,1,-0.5609748304808925,-0.9458745458151049,0,1,0,0,1,0,1,-0.579161792940097,0,1,0,0,0
501,5.0,1.0,0,0,1,-0.5609748304808925,-0.8408092876954759,0,1,0,0,1,0,1,-0.579161792940097,0,1,0,0,0
502,1.0,1.0,0,1,0,-0.5609748304808925,-0.9517110910184592,0,1,0,0,1,1,0,-0.579161792940097,1,0,0,0,0
503,3.0,1.0,0,1,0,-0.5609748304808925,-0.9672530840959563,0,1,0,0,1,1,0,-0.579161792940097,1,0,0,0,0
504,2.0,1.0,0,0,1,-0.5609748304808925,-0.738602060917032,0,1,0,0,1,1,0,-0.579161792940097,1,0,0,0,0
505,5.0,7.0,0,0,1,-0.5609748304808925,1.6225242996889868,0,1,1,0,0,1,0,0.8910181429847647,1,0,0,0,1
506,5.0,2.0,1,0,0,0.059159876663617626,1.8773469327488657,1,0,1,0,0,0,1,0.15592817502233383,0,1,0,0,0
507,2.0,1.0,0,0,1,0.6792945838081278,0.3080056992343768,1,0,0,1,0,1,0,0.15592817502233383,0,0,1,0,1
508,3.0,1.0,0,0,1,-0.5609748304808925,0.3305504384084753,0,1,1,0,0,0,1,-0.579161792940097,0,1,0,0,1
509,1.0,1.0,0,0,1,-0.5609748304808925,0.15397855891405274,0,1,0,0,1,0,1,-0.579161792940097,0,1,0,0,0
510,1.0,1.0,0,0,1,-0.5609748304808925,1.1530560183953749,0,1,0,0,1,0,1,3.831378014834488,0,1,0,0,1
511,3.0,1.0,0,1,0,-0.5609748304808925,-0.9517110910184592,0,1,0,0,1,0,1,-0.579161792940097,0,1,0,0,1
512,3.0,1.0,0,0,1,-0.5609748304808925,-0.9140229303798847,0,1,0,0,1,0,1,-0.579161792940097,0,1,0,0,0
513,2.0,3.0,0,0,1,-0.5609748304808925,0.31984714228082445,0,1,1,0,0,0,1,-0.579161792940097,0,1,0,0,1
514,4.0,1.0,1,0,0,0.059159876663617626,1.208146760115848,1,0,1,0,0,1,0,-0.579161792940097,0,0,1,0,1
515,1.0,1.0,0,0,1,-0.5609748304808925,-0.9846710163779814,0,1,0,0,1,0,1,-0.579161792940097,0,1,0,0,0
516,4.0,5.0,0,0,1,-0.5609748304808925,0.5987972459438784,0,1,1,0,0,0,1,-0.579161792940097,0,1,0,0,0
517,2.0,8.0,0,0,1,-0.5609748304808925,-0.6461756399546907,0,1,0,1,0,1,0,-0.579161792940097,0,0,1,0,1
518,3.0,1.0,0,1,0,-0.5609748304808925,0.22865289888308268,0,1,0,0,1,0,1,0.8910181429847647,0,1,0,0,0
519,2.0,1.0,0,0,1,0.059159876663617626,0.3080056992343768,1,0,0,1,0,1,0,-0.579161792940097,0,0,1,0,1
520,2.0,1.0,0,0,1,-0.5609748304808925,-0.9332359135620591,0,1,0,0,1,0,1,-0.579161792940097,0,1,0,0,0
521,3.0,7.0,0,0,1,-0.5609748304808925,1.7085649139538446,0,1,1,0,0,1,0,0.15592817502233383,1,0,0,0,1
522,1.0,1.0,0,0,1,-0.5609748304808925,-0.9332359135620591,0,1,0,0,1,0,1,-0.579161792940097,0,1,0,0,0
523,3.0,1.0,1,0,0,-0.5609748304808925,-1.0208863213063866,0,1,0,0,1,0,1,-0.579161792940097,0,1,0,0,0
524,4.0,7.0,1,0,0,0.059159876663617626,1.1815341571526745,1,0,1,0,0,1,0,0.15592817502233383,0,0,1,0,1
525,3.0,1.0,1,0,0,-0.5609748304808925,-1.020315585537008,0,1,0,0,1,0,1,-0.579161792940097,0,1,0,0,0
526,4.0,1.0,0,1,0,-0.5609748304808925,-0.9517110910184592,0,1,0,0,1,0,1,-0.579161792940097,0,1,0,0,0
527,4.0,1.0,0,0,1,-0.5609748304808925,-0.6461756399546907,0,1,0,1,0,1,0,-0.579161792940097,1,0,0,0,1
528,3.0,2.0,0,0,1,-0.5609748304808925,2.66732043195046,0,1,1,0,0,0,1,-0.579161792940097,0,1,0,0,0
529,4.0,1.0,0,0,1,-0.5609748304808925,-0.9295722245027681,0,1,0,0,1,0,1,-0.579161792940097,0,1,0,0,0
530,1.0,1.0,0,0,1,1.299429290952638,-0.5529569835332104,1,0,0,1,0,0,1,-0.579161792940097,0,1,0,0,0
531,5.0,1.0,0,0,1,0.6792945838081278,0.3080056992343768,1,0,0,1,0,1,0,0.15592817502233383,1,0,0,0,1
532,3.0,1.0,1,0,0,-0.5609748304808925,-1.020315585537008,0,1,0,0,1,0,1,-0.579161792940097,0,1,0,0,0
533,5.0,1.0,1,0,0,0.6792945838081278,-1.020315585537008,1,0,0,0,1,0,1,-0.579161792940097,0,1,0,0,0
534,3.0,1.0,1,0,0,0.6792945838081278,0.1460282899633742,1,0,0,0,1,1,0,0.15592817502233383,0,0,1,0,1
535,3.0,1.0,0,0,1,-0.5609748304808925,-0.8408092876954759,0,1,0,0,1,1,0,-0.579161792940097,1,0,0,0,0
536,5.0,1.0,0,0,1,0.6792945838081278,0.3183097005185114,1,0,0,1,0,1,0,0.8910181429847647,1,0,0,0,1
537,4.0,7.0,0,0,1,-0.5609748304808925,0.3305504384084753,0,1,1,0,0,0,1,-0.579161792940097,0,0,0,1,0
538,3.0,1.0,1,0,0,-0.5609748304808925,1.8518817465924196,0,1,1,0,0,1,0,0.15592817502233383,1,0,0,0,1
539,3.0,1.0,0,0,1,-0.5609748304808925,-0.3124675753290565,0,1,0,0,1,0,1,-0.579161792940097,0,1,0,0,0
540,1.0,7.0,1,0,0,0.6792945838081278,1.008011386800002,1,0,1,0,0,1,0,-0.579161792940097,1,0,0,0,1
541,2.0,7.0,0,0,1,0.6792945838081278,1.4045494851844678,1,0,1,0,0,1,0,0.15592817502233383,1,0,0,0,1
542,5.0,1.0,0,0,1,3.1598334123861687,0.507515343569926,1,0,0,0,1,1,0,3.831378014834488,1,0,0,0,0
543,5.0,1.0,0,0,1,3.1598334123861687,0.507515343569926,1,0,0,0,1,1,0,3.831378014834488,1,0,0,0,0
544,2.0,1.0,0,0,1,0.059159876663617626,0.3080056992343768,1,0,0,1,0,0,1,0.15592817502233383,0,1,0,0,1
545,4.0,2.0,1,0,0,0.059159876663617626,1.8518817465924196,1,0,1,0,0,0,1,0.15592817502233383,0,1,0,0,0
546,4.0,1.0,0,0,1,-0.5609748304808925,0.3080056992343768,0,1,1,0,0,0,1,-0.579161792940097,0,1,0,0,0
547,5.0,1.0,0,0,1,0.059159876663617626,0.3080056992343768,1,0,0,1,0,1,0,0.15592817502233383,0,0,1,0,1
548,3.0,1.0,1,0,0,-0.5609748304808925,-0.3594211926347525,0,1,0,1,0,0,1,-0.579161792940097,0,1,0,0,1
549,2.0,1.0,0,0,1,0.6792945838081278,0.054647897157064716,1,0,0,0,1,0,1,0.8910181429847647,0,1,0,0,0
550,5.0,1.0,0,0,1,0.6792945838081278,0.6826938768123764,1,0,0,1,0,0,1,0.15592817502233383,0,0,0,1,1
551,5.0,2.0,1,0,0,0.6792945838081278,1.8973424991846906,1,0,1,0,0,0,1,1.6261081109471953,0,1,0,0,1
552,1.0,1.0,0,0,1,-0.5609748304808925,0.3080056992343768,0,1,0,1,0,0,1,-0.579161792940097,0,1,0,0,0
553,3.0,1.0,0,1,0,-0.5609748304808925,-0.941637331559932,0,1,0,0,1,0,1,-0.579161792940097,0,1,0,0,0
554,1.0,1.0,1,0,0,-0.5609748304808925,-1.0208863213063866,0,1,0,0,1,0,1,-0.579161792940097,0,1,0,0,1
555,1.0,1.0,0,0,1,-0.5609748304808925,-0.9485214277269757,0,1,0,0,1,1,0,-0.579161792940097,1,0,0,0,1
556,4.0,1.0,0,0,1,-0.5609748304808925,0.3305504384084753,0,1,1,0,0,0,1,-0.579161792940097,0,1,0,0,0
557,4.0,6.0,1,0,0,0.059159876663617626,0.7640630830687722,1,0,1,0,0,1,0,-0.579161792940097,0,0,0,1,1
558,3.0,1.0,1,0,0,-0.5609748304808925,2.6957891007760906,0,1,1,0,0,0,1,1.6261081109471953,0,1,0,0,0
559,4.0,3.0,0,0,1,0.6792945838081278,1.5313868903320647,1,0,1,0,0,1,0,0.8910181429847647,0,0,1,0,1
560,2.0,1.0,0,0,1,0.059159876663617626,-0.12072275665121905,1,0,0,0,1,1,0,-0.579161792940097,0,0,1,0,1
561,3.0,1.0,0,1,0,-0.5609748304808925,-0.9517110910184592,0,1,0,0,1,0,1,-0.579161792940097,0,1,0,0,0
562,4.0,1.0,0,0,1,-0.5609748304808925,-0.9332359135620591,0,1,0,0,1,0,1,-0.579161792940097,0,1,0,0,0
563,1.0,1.0,0,0,1,-0.5609748304808925,-0.3870269464514378,0,1,0,1,0,0,1,-0.579161792940097,0,1,0,0,0
564,3.0,1.0,0,0,1,-0.5609748304808925,-0.9140229303798847,0,1,0,0,1,0,1,-0.579161792940097,0,1,0,0,0
565,3.0,1.0,0,0,1,-0.5609748304808925,-0.9140229303798847,0,1,0,0,1,1,0,-0.579161792940097,1,0,0,0,0
566,1.0,1.0,0,0,1,0.6792945838081278,0.22865289888308268,1,0,0,0,1,0,1,0.15592817502233383,0,1,0,0,0
567,5.0,1.0,0,0,1,-0.5609748304808925,-0.9332359135620591,0,1,0,0,1,0,1,-0.579161792940097,0,1,0,0,0
568,3.0,1.0,0,0,1,1.9195639980971482,0.0828552156299652,1,0,0,0,1,1,0,1.6261081109471953,0,0,1,0,0
569,3.0,1.0,1,0,0,-0.5609748304808925,-1.020315585537008,0,1,0,0,1,0,1,-0.579161792940097,0,1,0,0,0
570,2.0,1.0,0,0,1,-0.5609748304808925,-0.9384762398859902,0,1,0,0,1,0,1,-0.579161792940097,0,1,0,0,1
571,4.0,1.0,0,0,1,-0.5609748304808925,-0.6461756399546907,0,1,0,1,0,0,1,-0.579161792940097,0,1,0,0,1
572,4.0,2.0,0,0,1,0.6792945838081278,1.0509903777434846,1,0,1,0,0,1,0,-0.579161792940097,0,0,1,0,1
573,2.0,3.0,0,0,1,-0.5609748304808925,0.32393668035828466,0,1,1,0,0,0,1,-0.579161792940097,0,1,0,0,1
574,3.0,1.0,0,1,0,-0.5609748304808925,-0.9517110910184592,0,1,0,0,1,1,0,-0.579161792940097,1,0,0,0,1
575,5.0,1.0,0,0,1,-0.5609748304808925,-0.9140229303798847,0,1,0,0,1,0,1,-0.579161792940097,0,1,0,0,0
576,5.0,1.0,0,0,1,-0.5609748304808925,-0.3124675753290565,0,1,0,0,1,0,1,0.15592817502233383,0,1,0,0,0
577,2.0,1.0,0,0,1,-0.5609748304808925,-0.426258207714988,0,1,0,1,0,1,0,-0.579161792940097,1,0,0,0,1
578,4.0,3.0,0,0,1,0.059159876663617626,1.1414105513790322,1,0,1,0,0,1,0,0.15592817502233383,0,0,1,0,1
579,3.0,1.0,1,0,0,0.059159876663617626,-0.31547934514779824,1,0,0,0,1,1,0,-0.579161792940097,0,0,1,0,0
580,2.0,1.0,0,0,1,-0.5609748304808925,-0.9295722245027681,0,1,0,0,1,0,1,-0.579161792940097,0,1,0,0,1
581,1.0,1.0,0,0,1,0.6792945838081278,0.4624544931736729,1,0,0,1,0,1,0,-0.579161792940097,1,0,0,0,1
582,4.0,2.0,1,0,0,0.6792945838081278,1.8973424991846906,1,0,1,0,0,1,0,1.6261081109471953,0,0,1,0,1
583,4.0,1.0,0,0,1,-0.5609748304808925,0.3080056992343768,0,1,0,1,0,0,1,0.15592817502233383,0,1,0,0,0
584,2.0,6.0,1,0,0,-0.5609748304808925,0.7784270008983298,0,1,1,0,0,0,1,-0.579161792940097,0,1,0,0,0
585,3.0,1.0,1,0,0,-0.5609748304808925,-0.8350390750135631,0,1,0,0,1,0,1,-0.579161792940097,0,1,0,0,0
586,5.0,3.0,0,0,1,0.6792945838081278,1.5313868903320647,1,0,1,0,0,1,0,0.8910181429847647,1,0,0,0,1
587,4.0,1.0,0,0,1,-0.5609748304808925,-0.2769732854289969,0,1,0,1,0,0,1,-0.579161792940097,0,1,0,0,0
588,4.0,7.0,1,0,0,0.6792945838081278,1.525131489475173,1,0,1,0,0,0,1,-0.579161792940097,0,1,0,0,1
589,1.0,1.0,0,0,1,-0.5609748304808925,-0.9140229303798847,0,1,0,0,1,0,1,-0.579161792940097,0,1,0,0,0
590,3.0,1.0,0,0,1,-0.5609748304808925,-0.9140229303798847,0,1,0,0,1,0,1,-0.579161792940097,0,1,0,0,0
591,2.0,1.0,0,0,1,-0.5609748304808925,-1.034562041991834,0,1,0,0,1,0,1,-0.579161792940097,0,1,0,0,0
592,4.0,5.0,1,0,0,0.059159876663617626,1.5120451319509485,1,0,1,0,0,1,0,0.15592817502233383,0,0,1,0,1
593,4.0,1.0,0,0,1,-0.5609748304808925,-1.0174933711291165,0,1,0,0,1,0,1,-0.579161792940097,0,1,0,0,0
594,3.0,1.0,0,1,0,0.6792945838081278,-0.9517110910184592,1,0,0,0,1,1,0,-0.579161792940097,1,0,0,0,0
595,2.0,1.0,0,0,1,0.059159876663617626,0.3080056992343768,1,0,0,1,0,0,1,-0.579161792940097,0,1,0,0,0
596,2.0,1.0,0,0,1,0.6792945838081278,0.22865289888308268,1,0,0,0,1,0,1,0.8910181429847647,0,1,0,0,0
597,3.0,1.0,0,0,1,-0.5609748304808925,0.5657256689325716,0,1,0,1,0,1,0,0.8910181429847647,1,0,0,0,1
598,4.0,1.0,0,0,1,-0.5609748304808925,-0.36504872412522704,0,1,0,0,1,0,1,1.6261081109471953,0,1,0,0,0
599,3.0,1.0,1,0,0,-0.5609748304808925,-1.0208863213063866,0,1,0,0,1,0,1,-0.579161792940097,0,1,0,0,0
600,4.0,6.0,1,0,0,0.059159876663617626,1.1614516549237874,1,0,1,0,0,0,1,0.15592817502233383,0,0,0,1,1
601,1.0,1.0,0,0,1,1.299429290952638,0.3486638607877414,1,0,0,1,0,1,0,0.15592817502233383,0,0,1,0,1
602,3.0,1.0,0,0,1,-0.5609748304808925,-0.9332359135620591,0,1,0,0,1,0,1,-0.579161792940097,0,1,0,0,0
603,3.0,1.0,0,0,1,-0.5609748304808925,0.8386224541911536,0,1,1,0,0,0,1,-0.579161792940097,0,1,0,0,0
604,4.0,1.0,0,0,1,-0.5609748304808925,-0.9140229303798847,0,1,0,0,1,0,1,-0.579161792940097,0,1,0,0,0
605,2.0,1.0,1,0,0,-0.5609748304808925,0.3305504384084753,0,1,1,0,0,0,1,-0.579161792940097,0,1,0,0,1
606,2.0,1.0,0,0,1,0.059159876663617626,-0.2391886185772926,1,0,0,0,1,0,1,-0.579161792940097,0,1,0,0,0
607,3.0,1.0,0,0,1,-0.5609748304808925,-0.9332359135620591,0,1,0,0,1,0,1,-0.579161792940097,0,1,0,0,0
608,1.0,1.0,0,0,1,-0.5609748304808925,0.4803424943957473,0,1,1,0,0,0,1,-0.579161792940097,0,1,0,0,1
609,1.0,1.0,1,0,0,1.299429290952638,0.8172762968962309,1,0,0,1,0,1,0,0.8910181429847647,0,0,1,0,1
610,4.0,2.0,0,0,1,-0.5609748304808925,2.2578842247955455,0,1,1,0,0,1,0,0.8910181429847647,1,0,0,0,1
611,4.0,1.0,0,0,1,3.1598334123861687,0.507515343569926,1,0,0,0,1,1,0,3.831378014834488,0,0,1,0,0
612,3.0,1.0,0,0,1,-0.5609748304808925,-1.0449297474399395,0,1,0,0,1,0,1,-0.579161792940097,0,1,0,0,0
613,3.0,1.0,0,1,0,0.059159876663617626,-0.24257130262638713,1,0,0,0,1,1,0,0.15592817502233383,1,0,0,0,1
614,3.0,1.0,0,1,0,-0.5609748304808925,-0.9517110910184592,0,1,0,0,1,0,1,-0.579161792940097,0,1,0,0,0
615,2.0,1.0,0,0,1,-0.5609748304808925,-0.9140229303798847,0,1,0,0,1,0,1,-0.579161792940097,0,1,0,0,0
616,1.0,1.0,0,0,1,1.299429290952638,1.3072728343790712,1,0,0,1,0,1,0,0.15592817502233383,1,0,0,0,1
617,2.0,1.0,0,0,1,0.6792945838081278,-0.31970369266427384,1,0,0,0,1,0,1,0.15592817502233383,0,1,0,0,0
618,1.0,1.0,0,0,1,0.059159876663617626,-0.20263933546380686,1,0,0,0,1,1,0,0.15592817502233383,0,0,1,0,0
619,5.0,8.0,0,0,1,1.299429290952638,0.7474179682729902,1,0,0,1,0,1,0,0.15592817502233383,1,0,0,0,1
620,1.0,1.0,0,0,1,-0.5609748304808925,-0.6461756399546907,0,1,0,1,0,0,1,-0.579161792940097,0,1,0,0,0
621,1.0,1.0,1,0,0,0.059159876663617626,-0.3157759049569776,1,0,0,0,1,0,1,0.15592817502233383,0,1,0,0,0
622,4.0,5.0,0,0,1,0.059159876663617626,1.0736599445294612,1,0,1,0,0,0,1,-0.579161792940097,0,1,0,0,1
623,5.0,1.0,1,0,0,0.6792945838081278,-0.22631343280340793,1,0,0,0,1,0,1,0.15592817502233383,0,1,0,0,1
624,1.0,1.0,0,0,1,-0.5609748304808925,-0.9384762398859902,0,1,0,0,1,0,1,-0.579161792940097,0,1,0,0,0
625,1.0,1.0,0,0,1,-0.5609748304808925,-0.20263933546380686,0,1,0,0,1,0,1,0.15592817502233383,0,1,0,0,0
626,4.0,5.0,0,0,1,-0.5609748304808925,0.5431663643088476,0,1,1,0,0,0,1,-0.579161792940097,0,1,0,0,0
627,4.0,1.0,0,1,0,-0.5609748304808925,-0.47940785369523514,0,1,0,1,0,0,1,-0.579161792940097,0,0,0,1,0
628,1.0,5.0,0,0,1,-0.5609748304808925,1.5076869798952621,0,1,1,0,0,1,0,0.8910181429847647,1,0,0,0,1
629,1.0,1.0,0,0,1,-0.5609748304808925,-0.9332359135620591,0,1,0,0,1,0,1,-0.579161792940097,0,1,0,0,0
630,3.0,1.0,0,1,0,-0.5609748304808925,-0.9538468672896242,0,1,0,0,1,0,1,-0.579161792940097,0,1,0,0,0
631,4.0,6.0,0,0,1,-0.5609748304808925,0.4624544931736729,0,1,1,0,0,0,1,-0.579161792940097,0,1,0,0,1
632,4.0,1.0,0,0,1,-0.5609748304808925,-1.0443466076065127,0,1,0,0,1,0,1,-0.579161792940097,0,1,0,0,0
633,2.0,7.0,1,0,0,-0.5609748304808925,0.4803424943957473,0,1,1,0,0,0,1,-0.579161792940097,0,0,0,1,1
634,3.0,1.0,0,0,1,-0.5609748304808925,1.6180289876562777,0,1,1,0,0,0,1,-0.579161792940097,0,1,0,0,0
635,5.0,1.0,0,0,1,2.5396987052416584,0.3840333695921524,1,0,0,0,1,1,0,3.096288046872057,1,0,0,0,0
636,1.0,1.0,0,0,1,-0.5609748304808925,-0.426258207714988,0,1,0,1,0,1,0,-0.579161792940097,1,0,0,0,1
637,2.0,1.0,0,0,1,-0.5609748304808925,-0.9295722245027681,0,1,0,0,1,0,1,-0.579161792940097,0,1,0,0,0
638,2.0,1.0,0,0,1,0.6792945838081278,0.3183097005185114,1,0,0,1,0,0,1,0.8910181429847647,0,1,0,0,0
639,4.0,1.0,0,0,1,2.5396987052416584,0.7664699219430497,1,0,0,0,1,1,0,3.096288046872057,0,0,1,0,0
640,3.0,1.0,0,0,1,0.059159876663617626,-0.20263933546380686,1,0,0,0,1,0,1,0.15592817502233383,0,1,0,0,0
641,5.0,1.0,0,0,1,-0.5609748304808925,-0.9384762398859902,0,1,0,0,1,0,1,-0.579161792940097,0,1,0,0,0
642,1.0,7.0,1,0,0,-0.5609748304808925,1.3778362032816898,0,1,1,0,0,1,0,0.15592817502233383,1,0,0,0,1
643,5.0,1.0,0,0,1,2.5396987052416584,0.3840333695921524,1,0,0,0,1,1,0,3.096288046872057,1,0,0,0,0
644,3.0,1.0,0,0,1,-0.5609748304808925,1.1530560183953749,0,1,0,0,1,0,1,3.831378014834488,0,1,0,0,1
645,5.0,1.0,1,0,0,1.299429290952638,-0.013157879866035007,1,0,0,0,1,1,0,1.6261081109471953,1,0,0,0,1
646,4.0,5.0,1,0,0,0.059159876663617626,1.4901471919266205,1,0,1,0,0,0,1,0.8910181429847647,0,1,0,0,1
647,5.0,1.0,0,0,1,-0.5609748304808925,-0.9332359135620591,0,1,0,0,1,0,1,-0.579161792940097,0,1,0,0,0
648,4.0,6.0,1,0,0,-0.5609748304808925,0.6450480228936538,0,1,1,0,0,0,1,-0.579161792940097,0,0,0,1,1
649,3.0,1.0,0,0,1,-0.5609748304808925,-0.9775614039665362,0,1,0,0,1,0,1,-0.579161792940097,0,1,0,0,0
650,1.0,1.0,0,0,1,-0.5609748304808925,-0.9775614039665362,0,1,0,0,1,1,0,-0.579161792940097,1,0,0,0,1
651,3.0,1.0,0,0,1,-0.5609748304808925,-0.9332359135620591,0,1,0,0,1,0,1,-0.579161792940097,0,1,0,0,0
652,5.0,1.0,0,0,1,0.059159876663617626,0.17632706562637096,1,0,0,1,0,1,0,0.15592817502233383,1,0,0,0,1
653,1.0,1.0,0,0,1,-0.5609748304808925,-0.8676479073753752,0,1,0,0,1,0,1,-0.579161792940097,0,1,0,0,0
654,3.0,1.0,0,1,0,-0.5609748304808925,-0.941637331559932,0,1,0,0,1,1,0,-0.579161792940097,1,0,0,0,1
655,5.0,1.0,0,1,0,-0.5609748304808925,-1.087389643831786,0,1,0,0,1,1,0,-0.579161792940097,1,0,0,0,0
656,1.0,1.0,0,0,1,0.6792945838081278,1.4427093748036828,1,0,0,1,0,0,1,2.361198078909626,0,1,0,0,0
657,3.0,1.0,0,0,1,-0.5609748304808925,-0.9332359135620591,0,1,0,0,1,0,1,-0.579161792940097,0,1,0,0,0
658,2.0,1.0,0,1,0,0.6792945838081278,-0.24257130262638713,1,0,0,0,1,1,0,0.15592817502233383,0,0,1,0,0
659,1.0,1.0,0,0,1,-0.5609748304808925,-0.426258207714988,0,1,0,1,0,0,1,-0.579161792940097,0,1,0,0,0
660,4.0,5.0,1,0,0,0.6792945838081278,1.9209893290765572,1,0,1,0,0,0,1,0.8910181429847647,0,1,0,0,0
661,4.0,1.0,0,0,1,0.6792945838081278,2.1044168007930746,1,0,1,0,0,0,1,0.15592817502233383,0,0,0,1,1
662,4.0,1.0,1,0,0,-0.5609748304808925,-1.0208863213063866,0,1,0,0,1,0,1,-0.579161792940097,0,1,0,0,0
663,4.0,3.0,0,0,1,-0.5609748304808925,0.29079368889773943,0,1,1,0,0,0,1,-0.579161792940097,0,1,0,0,0
664,2.0,1.0,0,0,1,-0.5609748304808925,-0.9846710163779814,0,1,0,0,1,0,1,-0.579161792940097,0,1,0,0,0
665,5.0,1.0,0,0,1,0.059159876663617626,-0.9295722245027681,1,0,0,0,1,0,1,-0.579161792940097,0,1,0,0,1
666,2.0,1.0,0,0,1,0.6792945838081278,1.4427093748036828,1,0,0,1,0,0,1,2.361198078909626,0,1,0,0,0
667,1.0,1.0,0,0,1,-0.5609748304808925,-0.426258207714988,0,1,0,1,0,0,1,-0.579161792940097,0,1,0,0,0
668,3.0,1.0,0,0,1,-0.5609748304808925,-0.9485214277269757,0,1,0,0,1,0,1,-0.579161792940097,0,1,0,0,0
669,4.0,1.0,0,0,1,-0.5609748304808925,-0.9140229303798847,0,1,0,0,1,0,1,-0.579161792940097,0,1,0,0,0
670,3.0,2.0,0,0,1,0.059159876663617626,1.0620304074292939,1,0,1,0,0,1,0,0.15592817502233383,0,0,1,0,1
671,4.0,1.0,0,0,1,0.6792945838081278,0.7474179682729902,1,0,0,1,0,1,0,0.15592817502233383,0,0,1,0,1
672,2.0,7.0,0,0,1,0.059159876663617626,1.0620304074292939,1,0,1,0,0,0,1,-0.579161792940097,0,1,0,0,0
673,4.0,1.0,0,0,1,-0.5609748304808925,-0.6461756399546907,0,1,0,1,0,0,1,-0.579161792940097,0,1,0,0,0
674,2.0,1.0,0,0,1,-0.5609748304808925,-0.426258207714988,0,1,0,1,0,0,1,-0.579161792940097,0,1,0,0,1
675,3.0,1.0,0,0,1,-0.5609748304808925,0.09712956607669032,0,1,0,1,0,0,1,-0.579161792940097,0,1,0,0,0
676,5.0,1.0,0,0,1,-0.5609748304808925,-0.9485214277269757,0,1,0,0,1,0,1,-0.579161792940097,0,1,0,0,0
677,1.0,1.0,0,0,1,-0.5609748304808925,-0.9140229303798847,0,1,0,0,1,0,1,-0.579161792940097,0,1,0,0,0
678,5.0,1.0,0,0,1,-0.5609748304808925,-0.7120772361478731,0,1,0,0,1,1,0,-0.579161792940097,1,0,0,0,1
679,4.0,1.0,0,0,1,3.779968119530679,0.9489175874544203,1,0,0,0,1,1,0,3.096288046872057,0,0,1,0,0
680,2.0,7.0,1,0,0,0.059159876663617626,3.60053566726979,1,0,1,0,0,0,1,0.8910181429847647,0,1,0,0,1
681,3.0,1.0,0,1,0,-0.5609748304808925,-0.9032656878285867,0,1,0,0,1,1,0,-0.579161792940097,1,0,0,0,0
682,1.0,5.0,1,0,0,-0.5609748304808925,1.4901471919266205,0,1,1,0,0,0,1,0.8910181429847647,0,1,0,0,1
683,5.0,1.0,0,0,1,-0.5609748304808925,-0.7775505169447964,0,1,0,0,1,0,1,-0.579161792940097,0,1,0,0,0
684,5.0,1.0,0,0,1,3.779968119530679,0.9489175874544203,1,0,0,0,1,0,1,3.096288046872057,0,1,0,0,0
685,4.0,1.0,0,0,1,0.6792945838081278,0.7474179682729902,1,0,0,1,0,0,1,0.15592817502233383,0,1,0,0,0
686,1.0,1.0,1,0,0,1.299429290952638,0.8172762968962309,1,0,0,1,0,0,1,0.8910181429847647,0,1,0,0,0
687,5.0,1.0,0,0,1,2.5396987052416584,0.7664699219430497,1,0,0,0,1,0,1,3.096288046872057,0,1,0,0,0
688,5.0,1.0,0,0,1,-0.5609748304808925,-0.6786459228120009,0,1,0,0,1,0,1,-0.579161792940097,0,1,0,0,0
689,5.0,1.0,0,0,1,-0.5609748304808925,-0.9458745458151049,0,1,0,0,1,0,1,-0.579161792940097,0,1,0,0,0
690,5.0,7.0,0,0,1,0.059159876663617626,2.6136529262916617,1,0,1,0,0,1,0,0.8910181429847647,1,0,0,0,1
691,2.0,7.0,0,0,1,0.059159876663617626,1.1628171905540206,1,0,1,0,0,0,1,0.15592817502233383,0,1,0,0,1
692,5.0,1.0,1,0,0,0.059159876663617626,-0.3934680463812991,1,0,0,0,1,1,0,-0.579161792940097,1,0,0,0,1
693,3.0,1.0,0,0,1,-0.5609748304808925,1.1530560183953749,0,1,0,0,1,0,1,3.831378014834488,0,1,0,0,1
694,1.0,1.0,1,0,0,-0.5609748304808925,-1.0208863213063866,0,1,0,0,1,0,1,-0.579161792940097,0,1,0,0,0
695,4.0,1.0,0,0,1,-0.5609748304808925,0.3305504384084753,0,1,1,0,0,0,1,-0.579161792940097,0,0,0,1,0
696,4.0,1.0,0,0,1,-0.5609748304808925,-0.3870269464514378,0,1,0,1,0,0,1,-0.579161792940097,0,1,0,0,0
697,4.0,1.0,0,0,1,-0.5609748304808925,-0.9140229303798847,0,1,0,0,1,0,1,-0.579161792940097,0,1,0,0,0
698,3.0,1.0,0,1,0,-0.5609748304808925,-0.9538468672896242,0,1,0,0,1,1,0,-0.579161792940097,1,0,0,0,1
699,4.0,2.0,1,0,0,0.6792945838081278,1.8973424991846906,1,0,1,0,0,0,1,1.6261081109471953,0,1,0,0,0
700,4.0,8.0,0,0,1,-0.5609748304808925,-0.964561533941058,0,1,0,0,1,0,1,-0.579161792940097,0,1,0,0,0
701,5.0,2.0,1,0,0,0.059159876663617626,2.6957891007760906,1,0,1,0,0,1,0,1.6261081109471953,0,0,1,0,1
702,2.0,3.0,0,0,1,-0.5609748304808925,0.31984714228082445,0,1,1,0,0,0,1,-0.579161792940097,0,1,0,0,1
703,5.0,1.0,1,0,0,0.059159876663617626,-0.3157759049569776,1,0,0,0,1,1,0,0.15592817502233383,1,0,0,0,0
704,1.0,1.0,0,1,0,-0.5609748304808925,-0.9527720746125596,0,1,0,0,1,0,1,-0.579161792940097,0,1,0,0,0
705,1.0,1.0,0,0,1,0.059159876663617626,-0.9384762398859902,1,0,0,0,1,0,1,-0.579161792940097,0,1,0,0,0
706,4.0,1.0,0,0,1,-0.5609748304808925,0.3080056992343768,0,1,0,1,0,0,1,0.15592817502233383,0,1,0,0,0
707,4.0,1.0,0,0,1,-0.5609748304808925,-0.3870269464514378,0,1,0,1,0,1,0,-0.579161792940097,0,0,1,0,1
708,4.0,3.0,0,0,1,-0.5609748304808925,0.31984714228082445,0,1,1,0,0,0,1,-0.579161792940097,0,1,0,0,1
709,1.0,1.0,0,0,1,-0.5609748304808925,2.243955429137777,0,1,1,0,0,1,0,1.6261081109471953,1,0,0,0,1
710,3.0,1.0,1,0,0,0.6792945838081278,-0.2599289646924245,1,0,0,0,1,0,1,0.15592817502233383,0,0,0,1,1
711,1.0,2.0,1,0,0,-0.5609748304808925,1.0081043631346291,0,1,1,0,0,1,0,-0.579161792940097,1,0,0,0,1
712,3.0,2.0,0,0,1,-0.5609748304808925,0.3305504384084753,0,1,1,0,0,0,1,-0.579161792940097,0,1,0,0,0
713,4.0,2.0,0,0,1,0.059159876663617626,1.0620304074292939,1,0,1,0,0,0,1,0.15592817502233383,0,1,0,0,1
714,3.0,1.0,0,0,1,-0.5609748304808925,-0.7496594552557618,0,1,0,0,1,0,1,-0.579161792940097,0,1,0,0,0
715,4.0,1.0,0,0,1,-0.5609748304808925,-0.426258207714988,0,1,0,1,0,0,1,0.15592817502233383,0,1,0,0,0
716,5.0,8.0,0,0,1,-0.5609748304808925,-0.964561533941058,0,1,0,0,1,0,1,-0.579161792940097,0,1,0,0,0
717,2.0,2.0,1,0,0,-0.5609748304808925,2.6957891007760906,0,1,1,0,0,1,0,1.6261081109471953,1,0,0,0,1
718,1.0,3.0,0,0,1,-0.5609748304808925,-0.6461756399546907,0,1,0,1,0,1,0,-0.579161792940097,1,0,0,0,1
719,3.0,1.0,0,1,0,-0.5609748304808925,-0.24257130262638713,0,1,0,0,1,0,1,-0.579161792940097,0,1,0,0,0
720,2.0,1.0,0,0,1,-0.5609748304808925,-0.9485214277269757,0,1,0,0,1,0,1,-0.579161792940097,0,1,0,0,0
721,5.0,1.0,0,0,1,0.059159876663617626,0.5657256689325716,1,0,0,1,0,1,0,0.8910181429847647,1,0,0,0,1
722,5.0,1.0,0,0,1,0.059159876663617626,-1.0443466076065127,1,0,0,0,1,0,1,-0.579161792940097,0,1,0,0,0
723,2.0,1.0,0,0,1,-0.5609748304808925,-0.426258207714988,0,1,0,1,0,0,1,-0.579161792940097,0,1,0,0,0
724,4.0,1.0,0,0,1,-0.5609748304808925,-0.426258207714988,0,1,0,1,0,0,1,-0.579161792940097,0,1,0,0,0
725,1.0,3.0,0,0,1,0.059159876663617626,1.0849961794747718,1,0,1,0,0,0,1,0.15592817502233383,0,1,0,0,1
726,5.0,1.0,0,0,1,-0.5609748304808925,-0.8408092876954759,0,1,0,0,1,0,1,-0.579161792940097,0,1,0,0,0
727,3.0,1.0,0,0,1,1.299429290952638,0.0790504148209749,1,0,0,1,0,1,0,0.15592817502233383,0,0,1,0,1
728,3.0,1.0,0,1,0,-0.5609748304808925,-0.953309341791452,0,1,0,0,1,1,0,-0.579161792940097,1,0,0,0,1
729,1.0,1.0,0,0,1,0.059159876663617626,0.3080056992343768,1,0,0,1,0,0,1,-0.579161792940097,0,1,0,0,0
730,1.0,1.0,0,0,1,0.059159876663617626,-0.9295722245027681,1,0,0,0,1,1,0,-0.579161792940097,1,0,0,0,0
731,3.0,7.0,0,0,1,-0.5609748304808925,2.6136529262916617,0,1,1,0,0,1,0,0.8910181429847647,1,0,0,0,1
732,5.0,1.0,1,0,0,-0.5609748304808925,-0.03944615272383509,0,1,0,0,1,0,1,0.15592817502233383,0,1,0,0,0
733,3.0,1.0,0,0,1,-0.5609748304808925,0.09712956607669032,0,1,0,1,0,0,1,-0.579161792940097,0,1,0,0,0
734,1.0,1.0,0,0,1,-0.5609748304808925,-0.426258207714988,0,1,0,1,0,0,1,-0.579161792940097,0,1,0,0,0
735,1.0,1.0,0,0,1,-0.5609748304808925,-0.426258207714988,0,1,0,1,0,0,1,-0.579161792940097,0,1,0,0,0
736,1.0,1.0,0,0,1,-0.5609748304808925,-0.20263933546380686,0,1,0,0,1,0,1,0.15592817502233383,0,1,0,0,0
737,4.0,1.0,0,0,1,1.9195639980971482,0.6100476478349847,1,0,0,0,1,1,0,1.6261081109471953,0,0,1,0,0
738,2.0,7.0,1,0,0,-0.5609748304808925,3.60053566726979,0,1,1,0,0,0,1,0.8910181429847647,0,1,0,0,1
739,3.0,1.0,0,0,1,-0.5609748304808925,-0.9332359135620591,0,1,0,0,1,0,1,-0.579161792940097,0,1,0,0,0
740,3.0,1.0,0,0,1,-0.5609748304808925,-0.9332359135620591,0,1,0,0,1,0,1,-0.579161792940097,0,1,0,0,0
741,3.0,5.0,0,0,1,-0.5609748304808925,0.4624544931736729,0,1,1,0,0,0,1,-0.579161792940097,0,1,0,0,1
742,2.0,2.0,0,0,1,0.059159876663617626,1.5202418637007398,1,0,1,0,0,0,1,0.15592817502233383,0,1,0,0,0
743,1.0,7.0,1,0,0,1.9195639980971482,2.8544671094534975,1,0,1,0,0,1,0,0.15592817502233383,1,0,0,0,1
744,1.0,1.0,0,0,1,0.059159876663617626,-0.20263933546380686,1,0,0,0,1,0,1,-0.579161792940097,0,1,0,0,0
745,2.0,1.0,0,0,1,-0.5609748304808925,-0.9295722245027681,0,1,0,0,1,0,1,-0.579161792940097,0,1,0,0,1
746,4.0,7.0,0,0,1,0.6792945838081278,1.4045494851844678,1,0,1,0,0,0,1,0.15592817502233383,0,0,0,1,0
747,5.0,1.0,0,0,1,0.6792945838081278,0.040272785629099826,1,0,0,0,1,0,1,0.15592817502233383,0,1,0,0,0
748,3.0,1.0,0,0,1,-0.5609748304808925,-0.426258207714988,0,1,0,1,0,1,0,-0.579161792940097,1,0,0,0,1
749,5.0,5.0,0,0,1,0.059159876663617626,1.0849961794747718,1,0,1,0,0,0,1,-0.579161792940097,0,1,0,0,0
750,2.0,1.0,0,1,0,-0.5609748304808925,-0.9517110910184592,0,1,0,0,1,0,1,-0.579161792940097,0,1,0,0,0
751,5.0,1.0,0,0,1,0.6792945838081278,0.17632706562637096,1,0,0,1,0,1,0,-0.579161792940097,1,0,0,0,1
752,5.0,3.0,0,0,1,0.059159876663617626,-0.46898861495026495,1,0,0,0,1,0,1,0.15592817502233383,0,0,0,1,1
753,2.0,1.0,0,0,1,-0.5609748304808925,-0.7478799251623495,0,1,0,0,1,0,1,-0.579161792940097,0,1,0,0,0
754,1.0,1.0,0,0,1,-0.5609748304808925,-0.9332359135620591,0,1,0,0,1,0,1,-0.579161792940097,0,1,0,0,0
755,4.0,1.0,0,0,1,1.299429290952638,1.3072728343790712,1,0,0,1,0,1,0,0.15592817502233383,0,0,1,0,1
756,5.0,1.0,0,0,1,0.6792945838081278,-0.3124675753290565,1,0,0,1,0,0,1,0.15592817502233383,0,0,0,1,1
757,1.0,1.0,0,0,1,-0.5609748304808925,-0.9458745458151049,0,1,0,0,1,0,1,-0.579161792940097,0,1,0,0,0
758,5.0,1.0,0,0,1,-0.5609748304808925,-0.5529569835332104,0,1,0,1,0,0,1,-0.579161792940097,0,1,0,0,0
759,2.0,1.0,0,0,1,-0.5609748304808925,-0.9140229303798847,0,1,0,0,1,0,1,-0.579161792940097,0,1,0,0,0
760,2.0,7.0,0,0,1,-0.5609748304808925,1.6225242996889868,0,1,1,0,0,1,0,0.8910181429847647,0,0,0,1,1
761,3.0,1.0,0,0,1,-0.5609748304808925,-0.3124675753290565,0,1,0,0,1,0,1,0.15592817502233383,0,1,0,0,0
762,4.0,1.0,0,0,1,-0.5609748304808925,-1.034562041991834,0,1,0,0,1,0,1,-0.579161792940097,0,1,0,0,0
763,5.0,1.0,1,0,0,-0.5609748304808925,-1.020315585537008,0,1,0,0,1,0,1,-0.579161792940097,0,1,0,0,1
764,2.0,7.0,0,0,1,1.299429290952638,1.984918252076405,1,0,1,0,0,1,0,1.6261081109471953,0,0,1,0,1
765,5.0,1.0,0,0,1,-0.5609748304808925,-0.9485214277269757,0,1,0,0,1,0,1,-0.579161792940097,0,1,0,0,0
766,4.0,5.0,0,0,1,0.059159876663617626,1.5076869798952621,1,0,1,0,0,1,0,0.8910181429847647,0,0,1,0,1
767,3.0,1.0,1,0,0,-0.5609748304808925,0.7640630830687722,0,1,1,0,0,0,1,-0.579161792940097,0,0,0,1,0
768,3.0,1.0,0,1,0,-0.5609748304808925,-0.9517110910184592,0,1,0,0,1,1,0,-0.579161792940097,1,0,0,0,0
769,3.0,1.0,0,1,0,0.059159876663617626,0.22865289888308268,1,0,0,0,1,0,1,0.8910181429847647,0,1,0,0,0
770,2.0,1.0,0,0,1,-0.5609748304808925,-0.8760703305885128,0,1,0,0,1,0,1,-0.579161792940097,0,1,0,0,0
771,1.0,1.0,0,0,1,-0.5609748304808925,-0.7478799251623495,0,1,0,0,1,0,1,-0.579161792940097,0,1,0,0,0
772,4.0,1.0,0,0,1,-0.5609748304808925,-0.9384762398859902,0,1,0,0,1,0,1,-0.579161792940097,0,1,0,0,0
773,4.0,3.0,0,0,1,-0.5609748304808925,-0.6461756399546907,0,1,0,1,0,1,0,0.15592817502233383,0,0,1,0,0
774,3.0,1.0,1,0,0,-0.5609748304808925,-1.0208863213063866,0,1,0,0,1,0,1,-0.579161792940097,0,1,0,0,0
775,4.0,1.0,0,0,1,1.9195639980971482,0.17632706562637096,1,0,0,1,0,1,0,-0.579161792940097,0,0,1,0,1
776,5.0,1.0,0,0,1,-0.5609748304808925,-0.9517110910184592,0,1,0,0,1,0,1,-0.579161792940097,0,1,0,0,0
777,3.0,8.0,0,1,0,-0.5609748304808925,-0.9517110910184592,0,1,0,0,1,0,1,-0.579161792940097,0,1,0,0,0
778,5.0,1.0,0,0,1,-0.5609748304808925,-0.46898861495026495,0,1,0,0,1,1,0,0.15592817502233383,1,0,0,0,1
779,3.0,1.0,0,1,0,-0.5609748304808925,-0.953309341791452,0,1,0,0,1,0,1,-0.579161792940097,0,1,0,0,0
780,4.0,7.0,0,0,1,0.059159876663617626,2.6136529262916617,1,0,1,0,0,1,0,0.8910181429847647,0,0,1,0,1
781,5.0,1.0,1,0,0,-0.5609748304808925,-1.020315585537008,0,1,0,0,1,1,0,-0.579161792940097,1,0,0,0,1
782,5.0,7.0,0,0,1,0.059159876663617626,1.1628171905540206,1,0,1,0,0,1,0,0.15592817502233383,0,0,1,0,1
783,3.0,5.0,0,0,1,-0.5609748304808925,0.4624544931736729,0,1,1,0,0,0,1,-0.579161792940097,0,1,0,0,0
784,3.0,1.0,0,0,1,1.299429290952638,0.1970950230489985,1,0,0,0,1,0,1,0.15592817502233383,0,1,0,0,0
785,1.0,1.0,0,0,1,-0.5609748304808925,-1.0449297474399395,0,1,0,0,1,0,1,-0.579161792940097,0,1,0,0,0
786,1.0,1.0,0,0,1,-0.5609748304808925,-1.0174933711291165,0,1,0,0,1,0,1,-0.579161792940097,0,1,0,0,0
787,5.0,1.0,0,0,1,-0.5609748304808925,-0.9846710163779814,0,1,0,0,1,1,0,-0.579161792940097,1,0,0,0,1
788,5.0,1.0,0,1,0,2.5396987052416584,0.43044480731640855,1,0,0,0,1,0,1,2.361198078909626,0,0,0,1,0
789,5.0,1.0,0,0,1,1.299429290952638,0.057241810676402514,1,0,0,0,1,0,1,0.15592817502233383,0,0,0,1,1
790,4.0,7.0,1,0,0,-0.5609748304808925,1.525131489475173,0,1,1,0,0,0,1,0.15592817502233383,0,1,0,0,0
791,3.0,1.0,0,1,0,-0.5609748304808925,-0.9517110910184592,0,1,0,0,1,0,1,-0.579161792940097,0,1,0,0,0
792,5.0,1.0,0,0,1,-0.5609748304808925,0.3080056992343768,0,1,0,1,0,0,1,0.15592817502233383,0,1,0,0,0
793,3.0,1.0,0,0,1,5.64037224096421,1.3818048841454893,1,0,0,0,1,1,0,3.831378014834488,1,0,0,0,0
794,3.0,1.0,1,0,0,-0.5609748304808925,0.4872701840637902,0,1,1,0,0,0,1,-0.579161792940097,0,1,0,0,0
795,1.0,1.0,0,0,1,-0.5609748304808925,-0.9332359135620591,0,1,0,0,1,0,1,-0.579161792940097,0,1,0,0,0
796,4.0,1.0,0,0,1,-0.5609748304808925,-0.426258207714988,0,1,0,1,0,0,1,-0.579161792940097,0,1,0,0,0
797,4.0,5.0,0,0,1,-0.5609748304808925,0.3050702667701243,0,1,1,0,0,1,0,-0.579161792940097,0,0,0,1,1
798,2.0,1.0,0,0,1,-0.5609748304808925,-0.8384052605219554,0,1,0,0,1,1,0,-0.579161792940097,0,0,1,0,1
799,3.0,1.0,1,0,0,-0.5609748304808925,-1.020315585537008,0,1,0,0,1,0,1,-0.579161792940097,0,1,0,0,0
800,3.0,1.0,0,0,1,0.6792945838081278,0.22865289888308268,1,0,0,0,1,1,0,0.8910181429847647,0,0,1,0,0
801,2.0,1.0,0,0,1,-0.5609748304808925,-0.426258207714988,0,1,0,1,0,0,1,0.15592817502233383,0,1,0,0,0
802,2.0,1.0,0,0,1,0.6792945838081278,0.3183097005185114,1,0,0,1,0,1,0,0.8910181429847647,0,0,1,0,1
803,5.0,7.0,0,0,1,1.299429290952638,1.984918252076405,1,0,1,0,0,0,1,1.6261081109471953,0,0,0,1,1
804,5.0,1.0,1,0,0,0.059159876663617626,-0.8578072932128618,1,0,0,0,1,0,1,-0.579161792940097,0,0,0,1,1
805,1.0,1.0,0,0,1,-0.5609748304808925,-1.0553944999034537,0,1,0,0,1,0,1,-0.579161792940097,0,1,0,0,1
806,2.0,1.0,0,0,1,-0.5609748304808925,-0.9485214277269757,0,1,0,0,1,0,1,-0.579161792940097,0,1,0,0,0
807,4.0,6.0,0,0,1,-0.5609748304808925,1.6180289876562777,0,1,1,0,0,0,1,-0.579161792940097,0,1,0,0,0
808,5.0,1.0,0,0,1,-0.5609748304808925,-0.9485214277269757,0,1,0,0,1,1,0,-0.579161792940097,1,0,0,0,0
809,4.0,1.0,0,0,1,-0.5609748304808925,-0.426258207714988,0,1,0,1,0,0,1,-0.579161792940097,0,1,0,0,0
810,2.0,3.0,0,0,1,0.059159876663617626,1.0849961794747718,1,0,1,0,0,1,0,0.15592817502233383,0,0,1,0,1
811,1.0,1.0,0,0,1,-0.5609748304808925,-0.9342794997742705,0,1,0,0,1,0,1,-0.579161792940097,0,1,0,0,0
812,4.0,1.0,0,0,1,-0.5609748304808925,0.22865289888308268,0,1,0,0,1,0,1,0.15592817502233383,0,1,0,0,0
813,2.0,1.0,0,0,1,-0.5609748304808925,-0.6461756399546907,0,1,0,1,0,0,1,-0.579161792940097,0,1,0,0,0
814,5.0,1.0,0,0,1,3.1598334123861687,0.507515343569926,1,0,0,0,1,1,0,3.831378014834488,1,0,0,0,0
815,3.0,1.0,0,0,1,-0.5609748304808925,-0.9140229303798847,0,1,0,0,1,0,1,-0.579161792940097,0,1,0,0,0
816,3.0,7.0,0,0,1,-0.5609748304808925,1.6180289876562777,0,1,1,0,0,0,1,-0.579161792940097,0,1,0,0,0
817,1.0,1.0,0,0,1,-0.5609748304808925,-0.9295722245027681,0,1,0,0,1,1,0,-0.579161792940097,1,0,0,0,0
818,2.0,1.0,1,0,0,0.6792945838081278,0.690196843595364,1,0,0,1,0,0,1,0.15592817502233383,0,1,0,0,0
819,4.0,1.0,0,0,1,-0.5609748304808925,-1.1315260159037626,0,1,0,0,1,0,1,-0.579161792940097,0,1,0,0,0
820,5.0,1.0,0,0,1,2.5396987052416584,0.3840333695921524,1,0,0,0,1,0,1,3.096288046872057,0,0,0,1,0
821,4.0,7.0,0,0,1,0.6792945838081278,1.7085649139538446,1,0,1,0,0,1,0,0.15592817502233383,0,0,1,0,1
822,1.0,1.0,0,0,1,-0.5609748304808925,-0.8408092876954759,0,1,0,0,1,0,1,-0.579161792940097,0,1,0,0,1
823,2.0,1.0,0,0,1,-0.5609748304808925,1.6180289876562777,0,1,1,0,0,0,1,-0.579161792940097,0,0,0,1,0
824,1.0,3.0,0,0,1,0.059159876663617626,-0.46898861495026495,1,0,0,0,1,1,0,0.15592817502233383,0,0,1,0,1
825,5.0,1.0,0,0,1,2.5396987052416584,0.7664699219430497,1,0,0,0,1,0,1,3.096288046872057,0,0,0,1,0
826,3.0,1.0,0,1,0,-0.5609748304808925,-1.0589046322227842,0,1,0,0,1,0,1,-0.579161792940097,0,1,0,0,0
827,3.0,1.0,0,0,1,-0.5609748304808925,1.1530560183953749,0,1,0,0,1,0,1,3.831378014834488,0,1,0,0,0
828,5.0,1.0,1,0,0,0.6792945838081278,0.690196843595364,1,0,0,1,0,0,1,0.15592817502233383,0,0,0,1,1
829,3.0,1.0,0,1,0,-0.5609748304808925,-0.9517110910184592,0,1,0,0,1,0,1,-0.579161792940097,0,1,0,0,1
830,4.0,7.0,0,0,1,-0.5609748304808925,1.5362281187924742,0,1,1,0,0,1,0,0.15592817502233383,0,0,1,0,1
831,5.0,1.0,1,0,0,0.059159876663617626,-0.3157759049569776,1,0,0,0,1,1,0,0.15592817502233383,0,0,1,0,1
832,5.0,1.0,0,0,1,0.6792945838081278,-0.041566879680289694,1,0,0,1,0,0,1,0.8910181429847647,0,0,0,1,1
833,3.0,1.0,1,0,0,-0.5609748304808925,-1.020315585537008,0,1,0,0,1,0,1,-0.579161792940097,0,1,0,0,0
834,1.0,1.0,0,0,1,-0.5609748304808925,-0.9384762398859902,0,1,0,0,1,0,1,-0.579161792940097,0,1,0,0,0
835,5.0,1.0,0,0,1,-0.5609748304808925,-0.8835584779756758,0,1,0,0,1,0,1,-0.579161792940097,0,1,0,0,0
836,4.0,3.0,1,0,0,0.6792945838081278,1.5789911504443532,1,0,1,0,0,1,0,-0.579161792940097,1,0,0,0,1
837,1.0,1.0,0,0,1,-0.5609748304808925,-0.8408092876954759,0,1,0,0,1,0,1,-0.579161792940097,0,1,0,0,0
838,3.0,1.0,0,0,1,-0.5609748304808925,-0.9140229303798847,0,1,0,0,1,0,1,-0.579161792940097,0,1,0,0,0
839,2.0,1.0,0,0,1,-0.5609748304808925,1.1530560183953749,0,1,0,0,1,0,1,3.831378014834488,0,1,0,0,1
840,3.0,2.0,1,0,0,-0.5609748304808925,0.45158267759263704,0,1,1,0,0,0,1,-0.579161792940097,0,1,0,0,1
841,5.0,1.0,0,0,1,-0.5609748304808925,-0.9295722245027681,0,1,0,0,1,0,1,-0.579161792940097,0,1,0,0,0
842,5.0,1.0,0,0,1,-0.5609748304808925,-0.6461756399546907,0,1,0,1,0,0,1,0.15592817502233383,0,1,0,0,0
843,3.0,1.0,1,0,0,-0.5609748304808925,0.49794878307373247,0,1,1,0,0,1,0,0.15592817502233383,1,0,0,0,1
844,2.0,1.0,1,0,0,-0.5609748304808925,-1.1334033903588783,0,1,0,0,1,0,1,-0.579161792940097,0,1,0,0,0
845,5.0,1.0,0,0,1,-0.5609748304808925,-0.8408092876954759,0,1,0,0,1,0,1,-0.579161792940097,0,1,0,0,0
846,4.0,1.0,0,0,1,-0.5609748304808925,-0.9775614039665362,0,1,0,0,1,0,1,-0.579161792940097,0,1,0,0,0
847,3.0,1.0,0,0,1,5.64037224096421,1.3818048841454893,1,0,0,0,1,0,1,3.831378014834488,0,1,0,0,0
848,2.0,1.0,1,0,0,-0.5609748304808925,-0.9332359135620591,0,1,0,0,1,0,1,-0.579161792940097,0,1,0,0,0
849,1.0,1.0,0,0,1,0.059159876663617626,0.5657256689325716,1,0,0,1,0,0,1,0.8910181429847647,0,0,0,1,0
850,3.0,2.0,1,0,0,0.059159876663617626,1.6553122896960397,1,0,1,0,0,1,0,0.15592817502233383,0,0,1,0,1
851,5.0,1.0,0,0,1,3.1598334123861687,0.507515343569926,1,0,0,0,1,0,1,3.831378014834488,0,0,0,1,0
852,4.0,1.0,0,0,1,-0.5609748304808925,-0.9485214277269757,0,1,0,0,1,0,1,-0.579161792940097,0,1,0,0,0
853,5.0,1.0,1,0,0,0.6792945838081278,-0.2599289646924245,1,0,0,0,1,1,0,0.15592817502233383,1,0,0,0,0
854,5.0,5.0,0,0,1,0.059159876663617626,0.7585422016007443,1,0,1,0,0,1,0,-0.579161792940097,1,0,0,0,1
855,4.0,1.0,0,0,1,0.059159876663617626,0.3080056992343768,1,0,0,1,0,1,0,0.15592817502233383,0,0,1,0,0
856,5.0,1.0,0,0,1,0.059159876663617626,-0.7639661915459426,1,0,0,0,1,1,0,-0.579161792940097,0,0,1,0,1
857,4.0,1.0,0,0,1,0.6792945838081278,2.3375211429656617,1,0,1,0,0,1,0,0.15592817502233383,0,0,1,0,1
858,4.0,3.0,0,0,1,-0.5609748304808925,0.3305504384084753,0,1,1,0,0,0,1,-0.579161792940097,0,1,0,0,1
859,1.0,1.0,1,0,0,1.299429290952638,-0.013157879866035007,1,0,0,0,1,1,0,1.6261081109471953,0,0,1,0,1
860,3.0,1.0,1,0,0,-0.5609748304808925,-1.020315585537008,0,1,0,0,1,0,1,-0.579161792940097,0,1,0,0,0
861,4.0,1.0,0,0,1,0.6792945838081278,-0.34108302898499293,1,0,0,0,1,0,1,-0.579161792940097,0,1,0,0,0
862,1.0,1.0,0,0,1,0.059159876663617626,-0.5529569835332104,1,0,0,1,0,0,1,-0.579161792940097,0,1,0,0,0
863,4.0,5.0,0,0,1,-0.5609748304808925,0.3050702667701243,0,1,1,0,0,1,0,-0.579161792940097,0,0,1,0,1
864,3.0,1.0,0,0,1,5.64037224096421,1.3818048841454893,1,0,0,0,1,1,0,3.831378014834488,1,0,0,0,0
865,1.0,1.0,0,0,1,-0.5609748304808925,-0.426258207714988,0,1,0,1,0,0,1,-0.579161792940097,0,1,0,0,0
866,4.0,1.0,0,0,1,-0.5609748304808925,-0.426258207714988,0,1,0,1,0,1,0,-0.579161792940097,0,0,1,0,1
867,1.0,1.0,1,0,0,0.059159876663617626,-0.35973716664470745,1,0,0,1,0,1,0,-0.579161792940097,1,0,0,0,1
868,2.0,6.0,0,0,1,-0.5609748304808925,1.0298420131486363,0,1,1,0,0,0,1,-0.579161792940097,0,1,0,0,0
869,3.0,1.0,0,0,1,-0.5609748304808925,-0.7478799251623495,0,1,0,0,1,0,1,-0.579161792940097,0,1,0,0,0
870,5.0,1.0,0,0,1,0.6792945838081278,-0.5862446200937248,1,0,0,0,1,0,1,0.8910181429847647,0,0,0,1,1
871,1.0,1.0,0,0,1,-0.5609748304808925,-0.9332359135620591,0,1,0,0,1,0,1,-0.579161792940097,0,1,0,0,0
872,4.0,5.0,0,0,1,0.6792945838081278,1.0736599445294612,1,0,1,0,0,1,0,0.15592817502233383,0,0,1,0,1
873,2.0,7.0,0,0,1,-0.5609748304808925,-1.3735170713790879,0,1,1,0,0,0,1,-0.579161792940097,0,1,0,0,0
874,4.0,1.0,0,0,1,-0.5609748304808925,-0.8024261687324682,0,1,0,0,1,0,1,-0.579161792940097,0,1,0,0,0
875,1.0,1.0,1,0,0,0.059159876663617626,0.22196508496951847,1,0,0,1,0,1,0,0.15592817502233383,0,0,1,0,1
876,5.0,1.0,1,0,0,-0.5609748304808925,-1.0208863213063866,0,1,0,0,1,1,0,-0.579161792940097,1,0,0,0,1
877,5.0,1.0,0,0,1,-0.5609748304808925,-0.7116545315873336,0,1,0,0,1,0,1,0.15592817502233383,0,1,0,0,0
878,5.0,1.0,0,0,1,-0.5609748304808925,-0.9332359135620591,0,1,0,0,1,0,1,-0.579161792940097,0,1,0,0,0
879,3.0,1.0,0,0,1,-0.5609748304808925,-0.9332359135620591,0,1,0,0,1,0,1,-0.579161792940097,0,1,0,0,0
880,4.0,2.0,1,0,0,0.059159876663617626,1.5789911504443532,1,0,1,0,0,1,0,0.15592817502233383,0,0,1,0,1
881,1.0,1.0,0,0,1,0.059159876663617626,0.3080056992343768,1,0,0,1,0,1,0,0.15592817502233383,0,0,1,0,1
882,2.0,1.0,0,0,1,-0.5609748304808925,-0.9332359135620591,0,1,0,0,1,0,1,-0.579161792940097,0,1,0,0,0
883,1.0,1.0,0,0,1,-0.5609748304808925,-0.6445533217041323,0,1,0,0,1,1,0,-0.579161792940097,1,0,0,0,0
884,1.0,1.0,0,0,1,-0.5609748304808925,-0.6461756399546907,0,1,0,1,0,0,1,-0.579161792940097,0,1,0,0,0
885,1.0,1.0,0,0,1,-0.5609748304808925,-1.0449297474399395,0,1,0,0,1,0,1,-0.579161792940097,0,1,0,0,0
886,4.0,1.0,0,1,0,2.5396987052416584,0.43044480731640855,1,0,0,0,1,1,0,2.361198078909626,0,0,1,0,0
887,1.0,1.0,0,0,1,-0.5609748304808925,-0.426258207714988,0,1,0,1,0,0,1,-0.579161792940097,0,0,0,1,0
888,5.0,7.0,0,0,1,-0.5609748304808925,0.4624544931736729,0,1,1,0,0,1,0,-0.579161792940097,1,0,0,0,1
889,3.0,1.0,0,0,1,1.299429290952638,0.1970950230489985,1,0,0,0,1,1,0,0.15592817502233383,1,0,0,0,0
890,1.0,2.0,1,0,0,-0.5609748304808925,0.4624544931736729,0,1,1,0,0,0,1,-0.579161792940097,0,1,0,0,1
891,2.0,1.0,0,1,0,-0.5609748304808925,-0.9517110910184592,0,1,0,0,1,0,1,-0.579161792940097,0,1,0,0,0
